# t, theta1, omega1, theta2, omega2, E_total
0, 0.2, 0.1, 0.2, -0, 0.3960937428
0.05, 0.2025486871, 0.001743158504, 0.197568691, -0.09705754919, 0.396093773
0.1, 0.2001735983, -0.09655670453, 0.190333084, -0.191786406, 0.3960942146
0.15, 0.1929316165, -0.1925421989, 0.1784669059, -0.2819072342, 0.3960960376
0.2, 0.1809964836, -0.2839046762, 0.1622555818, -0.3652397594, 0.3961005984
0.25, 0.1646551111, -0.3684344025, 0.1420900313, -0.4397528426, 0.3961093085
0.3, 0.1443013701, -0.4440711989, 0.1184579615, -0.5036143526, 0.396123273
0.35, 0.1204273465, -0.5089550003, 0.0919326974, -0.5552395484, 0.3961429791
0.4, 0.09361209712, -0.5614750365, 0.06315967033, -0.5933359999, 0.3961681037
0.45, 0.06450802034, -0.6003156249, 0.03284079665, -0.6169426016, 0.3961974836
0.5, 0.03382507476, -0.6244960589, 0.001717108043, -0.6254601008, 0.3962292621
0.55, 0.002313206157, -0.6334019305, -0.029449884, -0.618670853, 0.39626118
0.6, -0.02925652675, -0.6268055117, -0.05989750669, -0.5967462002, 0.396290954
0.65, -0.06011153518, -0.6048735185, -0.08888128873, -0.5602408482, 0.3963166597
0.7, -0.08949733981, -0.5681615959, -0.1156937246, -0.5100747145, 0.3963370389
0.75, -0.11669661, -0.5175959887, -0.1396818466, -0.4475037206, 0.3963516657
0.8, -0.1410469958, -0.4544439122, -0.1602631057, -0.3740817387, 0.3963609396
0.85, -0.1619572424, -0.3802748989, -0.176939181, -0.2916162468, 0.3963659099
0.9, -0.178921201, -0.2969157549, -0.1893074675, -0.2021201708, 0.3963679731
0.95, -0.1915294815, -0.2064016892, -0.1970701041, -0.1077619572, 0.396368513
1, -0.1994786122, -0.1109257236, -0.2000404913, -0.01081526367, 0.3963685592
1.05, -0.2025776567, -0.0127878068, -0.1981473001, 0.08639106748, 0.3963685403
1.1, -0.2007522963, 0.08565569288, -0.1914359875, 0.1815226909, 0.3963681819
1.15, -0.1940463969, 0.1820420798, -0.1800678318, 0.2722893984, 0.3963665717
1.2, -0.1826210758, 0.274052353, -0.1643164787, 0.356495056, 0.3963623775
1.25, -0.16675126, 0.359461551, -0.1445619815, 0.4320878842, 0.3963541721
1.3, -0.1468197166, 0.4361895115, -0.1212823281, 0.4972105638, 0.3963407962
1.35, -0.1233085436, 0.5023515622, -0.09504249082, 0.5502489427, 0.3963216802
1.4, -0.09678815072, 0.5563079194, -0.06648111488, 0.5898774314, 0.3962970533
1.45, -0.06790384334, 0.596709858, -0.03629506888, 0.6150986778, 0.3962679921
1.5, -0.03736022785, 0.6225401863, -0.005222208846, 0.625274948, 0.3962362931
1.55, -0.005903791724, 0.6331453793, 0.02597717023, 0.6201488913, 0.3962041943
1.6, 0.02569586358, 0.6282569677, 0.05653961903, 0.5998520217, 0.3961740015
1.65, 0.05666555254, 0.6080004454, 0.08571791857, 0.5649002085, 0.3961477012
1.7, 0.08624815075, 0.5728909416, 0.1127999204, 0.5161765584, 0.3961266401
1.75, 0.1137216983, 0.5238160327, 0.1371262429, 0.454903097, 0.3961113405
1.8, 0.1384173502, 0.4620071213, 0.1581063163, 0.3826034175, 0.3961014881
1.85, 0.1597356548, 0.3890016074, 0.1752323864, 0.3010588479, 0.3960960907
1.9, 0.1771607654, 0.3065984722, 0.1880912182, 0.2122606446, 0.3960937694
1.95, 0.1902723202, 0.2168098566, 0.1963733543, 0.1183603146, 0.396093118
2, 0.1987548479, 0.1218107926, 0.1998798749, 0.02161951295, 0.3960930503
2.05, 0.2024046458, 0.02388857436, 0.1985266583, -0.07563975876, 0.3960930613
2.1, 0.2011341343, -0.07460750232, 0.1923461615, -0.171084562, 0.3960933474
2.15, 0.1949737101, -0.1713159607, 0.1814867347, -0.262420341, 0.3960947597
2.2, 0.1840711127, -0.2639128678, 0.1662094639, -0.3474405323, 0.3960986013
2.25, 0.168688298, -0.3501618939, 0.1468825217, -0.4240765812, 0.39610631
2.3, 0.1491957958, -0.4279648697, 0.1239730156, -0.4904479435, 0.3961190954
2.35, 0.1260645337, -0.4954124491, 0.09803635746, -0.5449109467, 0.3961376081
2.4, 0.09985514763, -0.5508337515, 0.06970325565, -0.5861046779, 0.3961617143
2.45, 0.07120487275, -0.592843121, 0.03966453605, -0.6129915322, 0.396190427
2.5, 0.04081221825, -0.6203815738, 0.008654122503, -0.6248898392, 0.3962220151
2.55, 0.009419758358, -0.6327502688, -0.02256936504, -0.6214961773, 0.3962542672
2.6, -0.02220449824, -0.6296335221, -0.05324183134, -0.6028955908, 0.3962848595
2.65, -0.05328658768, -0.6111095015, -0.0826131151, -0.5695588511, 0.3963117465
2.7, -0.08306627571, -0.5776476929, -0.1099659397, -0.5223269902, 0.3963334934
2.75, -0.1108162872, -0.5300933508, -0.1346337972, -0.4623843769, 0.3963494796
2.8, -0.1358604575, -0.4696402293, -0.1560172413, -0.3912224114, 0.3963599309
2.85, -0.1575902714, -0.3977937306, -0.1735981832, -0.3105963548, 0.3963657784
2.9, -0.1754793723, -0.3163270646, -0.1869519096, -0.2224778199, 0.3963683784
2.95, -0.189095761, -0.227233032, -0.195756664, -0.1290050921, 0.3963691562
3, -0.198111521, -0.132673669, -0.1998007229, -0.03243282185, 0.396369252
3.05, -0.2023100076, -0.03492934272, -0.1989869597, 0.06491808848, 0.3963692464
3.1, -0.2015904975, 0.06365186454, -0.193334912, 0.1607102257, 0.3963690219
3.15, -0.1959703184, 0.1607043202, -0.1829803678, 0.2526392823, 0.3963677908
3.2, -0.185584477, 0.2538948417, -0.1681724649, 0.3384839096, 0.3963642831
3.25, -0.1706827819, 0.3409729455, -0.1492682887, 0.416155944, 0.3963570541
3.3, -0.1516244434, 0.4198215328, -0.1267249557, 0.4837506318, 0.3963448479
3.35, -0.1288701329, 0.4885076744, -0.1010892063, 0.5395957897, 0.3963269361
3.4, -0.102971522, 0.5453324451, -0.07298460201, 0.5822981303, 0.3963033591
3.45, -0.07455838839, 0.5888780182, -0.0430965244, 0.6107844286, 0.3962750135
3.5, -0.04432348506, 0.618049649, -0.01215529876, 0.6243349585, 0.3962435626
3.55, -0.01300549238, 0.6321099048, 0.01908210994, 0.6226067862, 0.396211187
3.6, 0.01862949424, 0.6307026457, 0.04985127198, 0.6056450751, 0.3961802234
3.65, 0.04980737786, 0.6138648374, 0.07939971162, 0.5738814628, 0.3961527715
3.7, 0.07976573709, 0.5820252023, 0.1070059221, 0.5281196532, 0.3961303505
3.75, 0.1077731067, 0.5359898272, 0.1319973635, 0.469509416, 0.396113678
3.8, 0.1331472357, 0.4769159374, 0.153766912, 0.3995110263, 0.3961026182
3.85, 0.1552717801, 0.4062759145, 0.1717873435, 0.3198526452, 0.3960963043
3.9, 0.1736110063, 0.3258141258, 0.1856235635, 0.2324831946, 0.3960934075
3.95, 0.1877222102, 0.2374991937, 0.1949424156, 0.139522944, 0.3960924887
4, 0.1972656858, 0.1434739875, 0.199519997, 0.04321341557, 0.3960923572
4.05, 0.2020121717, 0.04600498514, 0.1992464717, -0.05413251116, 0.3960923589
4.1, 0.20184777, -0.0525680956, 0.1941284004, -0.1501800783, 0.3960925314
4.15, 0.1967763597, -0.1498821957, 0.1842886015, -0.2426219533, 0.3960935957
4.2, 0.1869195207, -0.2436006207, 0.1699635435, -0.3292277484, 0.3960967844
4.25, 0.1725139689, -0.331462995, 0.1514982514, -0.4078939605, 0.3961035433
4.3, 0.1539064807, -0.4113357178, 0.1293387088, -0.4766940469, 0.3961151709
4.35, 0.1315462865, -0.4812626724, 0.104021773, -0.5339276737, 0.3961324711
4.4, 0.1059749398, -0.5395152351, 0.07616268095, -0.578167453, 0.3961554977
4.45, 0.07781373878, -0.5846398772, 0.04644032805, -0.6083008981, 0.3961834473
4.5, 0.04774887388, -0.6155010353, 0.0155806218, -0.6235650273, 0.3962147292
4.55, 0.01651460646, -0.6313166027, -0.01566165852, -0.6235711489, 0.3962471994
4.6, -0.01512508927, -0.6316834822, -0.0465219537, -0.6083178738, 0.3962785129
4.65, -0.04639586923, -0.6165911645, -0.07624534814, -0.578191272, 0.3963065189
4.7, -0.07653271595, -0.5864221868, -0.1041056771, -0.5339521555, 0.3963296153
4.75, -0.1047993267, -0.5419394292, -0.1294236961, -0.4767115415, 0.396346986
4.8, -0.1305065576, -0.4842613155, -0.151583767, -0.4078962216, 0.3963586739
4.85, -0.153029365, -0.414826897, -0.1700486251, -0.3292068906, 0.396365477
4.9, -0.1718218002, -0.335353347, -0.1843719211, -0.2425713948, 0.3963686921
4.95, -0.1864297446, -0.247788513, -0.1942083517, -0.1500953772, 0.3963697686
5, -0.1965011994, -0.1542608765, -0.1993212935, -0.05401201224, 0.3963699443
5.05, -0.2017940456, -0.0570286714, -0.1995879237, 0.04336818648, 0.3963699462
5.1, -0.2021812622, 0.04157083262, -0.1950018405, 0.1397071795, 0.3963698165
5.15, -0.19765362, 0.1391715835, -0.1856731983, 0.232689014, 0.3963689033
5.2, -0.1883198699, 0.2334287478, -0.171826361, 0.3200696005, 0.396366015
5.25, -0.1744044302, 0.3220688748, -0.153795056, 0.3997268676, 0.3963597081
5.3, -0.1562425537, 0.402940491, -0.1320150157, 0.4697110538, 0.3963486462
5.35, -0.1342729581, 0.4740649282, -0.1070141172, 0.5282942339, 0.396331953
5.4, -0.109027926, 0.5336865013, -0.0794000984, 0.5740174586, 0.3963094829
5.45, -0.08112094415, 0.5803204079, -0.0498460213, 0.605733285, 0.3962819457
5.5, -0.05123205108, 0.6127960848, -0.01907377707, 0.6226411486, 0.3962508578
5.55, -0.02009118509, 0.6302934073, 0.01216394588, 0.6243130926, 0.3962183227
5.6, 0.01154004515, 0.6323691646, 0.04310269599, 0.6107078484, 0.3961866886
5.65, 0.04288762544, 0.6189717264, 0.07298567926, 0.5821721087, 0.3961581519
5.7, 0.07318481143, 0.5904426784, 0.1010829188, 0.5394288863, 0.3961343945
5.75, 0.1016915547, 0.5475052887, 0.126709528, 0.4835539351, 0.3961163286
5.8, 0.1277130412, 0.4912407829, 0.149242543, 0.4159421045, 0.3961040048
5.85, 0.1506167769, 0.423054339, 0.1681358728, 0.3382660604, 0.3960966974
5.9, 0.1698477676, 0.3446332964, 0.1829330466, 0.2524299517, 0.3960931456
5.95, 0.1849414698, 0.2579002337, 0.1932775694, 0.1605203417, 0.3960918957
6, 0.1955343182, 0.1649633023, 0.1989207922, 0.06475616254, 0.3960916663
6.05, 0.2013717406, 0.06806562524, 0.19972728, -0.03256126304, 0.3960916604
6.1, 0.2023136429, -0.03046517108, 0.1956776901, -0.1290977838, 0.3960917552
6.15, 0.1983373823, -0.1282669488, 0.1868691811, -0.2225357277, 0.3960925311
6.2, 0.1895382501, -0.2229927688, 0.1735133538, -0.3106233436, 0.3960951343
6.25, 0.1761274667, -0.3123607543, 0.1559317108, -0.3912246504, 0.3961010004
6.3, 0.1584276721, -0.3942044332, 0.1345486155, -0.4623695394, 0.3961114996
6.35, 0.1368658882, -0.4665234465, 0.1098817548, -0.522303327, 0.3961275775
6.4, 0.1119639518, -0.5275338369, 0.08253016812, -0.5695342277, 0.3961494721
6.45, 0.08432647408, -0.575716375, 0.05315999871, -0.6028765875, 0.396176569
6.5, 0.05462647724, -0.6098607177, 0.0224882423, -0.6214873425, 0.3962074313
6.55, 0.02358898219, -0.6291027889, -0.008735105183, -0.6248931768, 0.3962400009
6.6, -0.008027048862, -0.6329527671, -0.03974597974, -0.6130062759, 0.3962719321
6.65, -0.03944788707, -0.6213114887, -0.06978565498, -0.5861273774, 0.3963009861
6.7, -0.06990471151, -0.5944738971, -0.09811997498, -0.5449358569, 0.3963254033
6.75, -0.09865312381, -0.5531192391, -0.1240577824, -0.4904676743, 0.3963441742
6.8, -0.1249918562, -0.4982888371, -0.1469679752, -0.4240829394, 0.396357152
6.85, -0.1482800938, -0.4313532376, -0.1662947317, -0.3474254682, 0.3963649865
6.9, -0.1679529379, -0.3539711755, -0.1815705655, -0.2623769026, 0.3963688972
6.95, -0.1835346696, -0.2680430154, -0.192427002, -0.1710077632, 0.3963703388
7, -0.1946495986, -0.1756611151, -0.1986027702, -0.07552727495, 0.3963706324
7.05, -0.2010303943, -0.07905901827, -0.1999494802, 0.02176688974, 0.3963706439
7.1, -0.2025238737, 0.01943934976, -0.1964347965, 0.1185385067, 0.3963705767
7.15, -0.1990942596, 0.117470035, -0.1881431248, 0.2124624277, 0.3963699236
7.2, -0.1908239309, 0.2126790793, -0.1752738162, 0.3012742925, 0.396367587
7.25, -0.1779116716, 0.3027726139, -0.1581368778, 0.3828206009, 0.396362143
7.3, -0.1606684058, 0.385567355, -0.1371461715, 0.4551090277, 0.3963521921
7.35, -0.1395103984, 0.4590414292, -0.1128101061, 0.5163582348, 0.3963367227
7.4, -0.1149499193, 0.5213848136, -0.08571987872, 0.5650457141, 0.3963154072
7.45, -0.08758342478, 0.5710479245, -0.05653541799, 0.5999515554, 0.3962887648
7.5, -0.05807739841, 0.6067862144, -0.02596929107, 0.62019563, 0.3962581516
7.55, -0.02715211565, 0.6276982092, 0.00523102965, 0.6252656551, 0.3962255765
7.6, 0.004436274765, 0.6332543708, 0.03630202946, 0.6150339938, 0.3961933781
7.65, 0.03591483539, 0.6233145565, 0.06648354183, 0.5897618161, 0.3961638324
7.7, 0.06651348029, 0.5981326308, 0.0950380216, 0.5500902763, 0.3961387722
7.75, 0.0954845143, 0.5583478405, 0.1212690656, 0.4970194465, 0.3961193018
7.8, 0.1221214231, 0.5049636888, 0.1445386077, 0.4318767085, 0.3961056645
7.85, 0.1457763288, 0.4393160342, 0.164282318, 0.3562769438, 0.396097289
7.9, 0.1658756302, 0.3630328154, 0.18002286, 0.2720771061, 0.3960930013
7.95, 0.1819334753, 0.2779880576, 0.1913807875, 0.1813275852, 0.3960913512
8, 0.1935628437, 0.1862526407, 0.1980829699, 0.08622226189, 0.3960909821
8.05, 0.2004841289, 0.09004378861, 0.1999685148, -0.01095153706, 0.3960909624
8.1, 0.2025311902, -0.008325481982, 0.1969921967, -0.1078626931, 0.3960910083
8.15, 0.1996548879, -0.106496458, 0.1892254129, -0.2021856281, 0.3960915517
8.2, 0.1919241237, -0.2021144675, 0.1768546733, -0.2916496833, 0.396093637
8.25, 0.1795243957, -0.2928786708, 0.1601776118, -0.3740888702, 0.3960986714
8.3, 0.1627538524, -0.3765922843, 0.1395965016, -0.4474919615, 0.3961080791
8.35, 0.1420168255, -0.4512132484, 0.1156092692, -0.510052271, 0.3961229344
8.4, 0.1178148273, -0.5149047173, 0.08879805368, -0.5602157557, 0.3961436539
8.45, 0.090735057, -0.5660839981, 0.05981544447, -0.5967254008, 0.3961698155
8.5, 0.06143653978, -0.603467863, 0.02936864423, -0.618659407, 0.396200148
8.55, 0.03063414375, -0.6261116866, -0.001798069276, -0.6254606152, 0.3962326974
8.6, -0.00091914986, -0.6334397555, -0.03292208554, -0.6169549373, 0.3962651374
8.65, -0.03245122178, -0.6252644263, -0.06324181712, -0.5933572871, 0.396295159
8.7, -0.06319043384, -0.6017925503, -0.09201602672, -0.5552645101, 0.3963208582
8.75, -0.09238523723, -0.5636186129, -0.1185424858, -0.5036359016, 0.3963410356
8.8, -0.1193231153, -0.5117051686, -0.1421753801, -0.4397628866, 0.3963553493
8.85, -0.1433482624, -0.4473521786, -0.162340974, -0.3652301329, 0.396364288
8.9, -0.1638774993, -0.3721575824, -0.1785511703, -0.2818706592, 0.3963689756
8.95, -0.1804140537, -0.2879717515, -0.1904147267, -0.1917173876, 0.3963708536
9, -0.1925589635, -0.1968483542, -0.1976460037, -0.09695311635, 0.3963713107
9.05, -0.200019978, -0.1009936814, -0.2000712004, 0.0001397803728, 0.3963713424
9.1, -0.202617916, -0.002715777236, -0.1976320814, 0.09722933609, 0.3963713122
9.15, -0.2002904901, 0.09562602137, -0.190387215, 0.1919836537, 0.3963708655
9.2, -0.1930936187, 0.1916711537, -0.1785107281, 0.2821205675, 0.3963690133
9.25, -0.1812002367, 0.2831078774, -0.1622885725, 0.3654576285, 0.3963643693
9.3, -0.1648965967, 0.367723661, -0.1421122813, 0.4399624054, 0.396355489
9.35, -0.14457604, 0.4434559727, -0.1184702148, 0.5038025098, 0.396341239
9.4, -0.120730228, 0.5084429081, -0.09193633658, 0.555394039, 0.3963211166
9.45, -0.0939378718, 0.5610723592, -0.06315664787, 0.5934464557, 0.3962954478
9.5, -0.06485108038, 0.6000277206, -0.03283351674, 0.6170014563, 0.3962654176
9.55, -0.03417956151, 0.6243276321, -0.001708268493, 0.6254632643, 0.3962329223
9.6, -0.002673039927, 0.6333571143, 0.02945747616, 0.61861808, 0.3962002712
9.65, 0.0288976159, 0.626887746, 0.05990112951, 0.596641114, 0.3961698006
9.7, 0.05975996561, 0.6050852334, 0.08887849211, 0.5600906179, 0.3961434816
9.75, 0.08915961644, 0.5685037316, 0.1156824928, 0.5098894174, 0.3961226054
9.8, 0.1163792353, 0.5180674047, 0.1396607225, 0.4472954571, 0.3961076123
9.85, 0.1407563501, 0.4550407525, 0.1602312662, 0.3738635884, 0.396098098
9.9, 0.1616994325, 0.3809899862, 0.1768964585, 0.291401169, 0.3960929928
9.95, 0.1787018809, 0.2977380894, 0.1892543172, 0.2019199518, 0.3960908692
10, 0.1913536526, 0.2073161211, 0.1970075218, 0.1075863015, 0.3960903113
10.05, 0.1993504119, 0.1119128571, 0.1999698912, 0.01067110458, 0.396090263
10.1, 0.2025001498, 0.01382418027, 0.1980703644, -0.08649998014, 0.3960902817
10.15, 0.2007272822, -0.08459712587, 0.1913545036, -0.1815958988, 0.3960906437
10.2, 0.1940742487, -0.1809911649, 0.1799835312, -0.2723295347, 0.396092278
10.25, 0.1827006261, -0.2730406658, 0.1642308934, -0.3565073623, 0.3960965453
10.3, 0.1668797463, -0.3585210903, 0.1444763309, -0.4320794926, 0.3961049055
10.35, 0.1469927963, -0.435351229, 0.1211974458, -0.4971896149, 0.3961185471
10.4, 0.1235203846, -0.501643824, 0.09495879811, -0.5502236252, 0.3961380577
10.45, 0.0970315987, -0.5557550136, 0.06639864227, -0.5898550398, 0.3961632091
10.5, 0.06817065961, -0.5963306691, 0.03621352214, -0.6150847825, 0.396192906
10.55, 0.03764138702, -0.6223471533, 0.00514107195, -0.6252727656, 0.3962253153
10.6, 0.006189822321, -0.6331438328, -0.0260585071, -0.6201589215, 0.3962581502
10.65, -0.02541451634, -0.6284449106, -0.05662172088, -0.5998719897, 0.3962890512
10.7, -0.05639816451, -0.6083687972, -0.08580117202, -0.5649253197, 0.3963159833
10.75, -0.0860033801, -0.5734242228, -0.11288442, -0.5162000392, 0.3963375635
10.8, -0.1135072906, -0.5244934183, -0.1372117109, -0.4549169628, 0.3963532512
10.85, -0.1382399031, -0.4628037609, -0.158192064, -0.3825993882, 0.3963633625
10.9, -0.1596004533, -0.3898900878, -0.1753173241, -0.3010293167, 0.3963689087
10.95, -0.1770716906, -0.3075502917, -0.1881739121, -0.212199602, 0.3963712986
11, -0.1902318296, -0.2177967919, -0.196452127, -0.1182641358, 0.3963719717
11.05, -0.1987640197, -0.1228060599, -0.1999529398, -0.02148753233, 0.3963720424
11.1, -0.202463274, -0.02486771588, -0.1985922763, 0.07580494402, 0.3963720315
11.15, -0.2012408608, 0.07366604177, -0.1924028057, 0.1712770911, 0.3963717427
11.2, -0.1951261778, 0.1704305695, -0.181533247, 0.262631399, 0.3963703088
11.25, -0.1842661245, 0.2630987895, -0.1662451889, 0.3476589478, 0.3963663988
11.3, -0.168921968, 0.3494314836, -0.1469074045, 0.4242896677, 0.3963585417
11.35, -0.149463684, 0.4273280169, -0.1239876524, 0.4906425124, 0.3963454978
11.4, -0.1263617569, 0.4948770882, -0.09804199383, 0.5450744031, 0.3963265975
11.45, -0.100176464, 0.5504063775, -0.0697017294, 0.5862260979, 0.3963019731
11.5, -0.07154474191, 0.5925292349, -0.03965816912, 0.6130626183, 0.3962726294
11.55, -0.041164843, 0.6201859917, -0.008645570119, 0.6249056576, 0.3962403335
11.6, -0.009779114687, 0.6326772507, 0.02257729498, 0.6214556016, 0.3962073453
11.65, 0.02184463231, 0.6296866966, 0.0532463727, 0.6028014053, 0.3961760421
11.7, 0.05293259441, 0.6112915896, 0.08261173426, 0.5694175027, 0.3961485183
11.75, 0.08272464165, 0.5779600583, 0.1099565056, 0.5221480144, 0.3961262452
11.8, 0.1104935213, 0.5305354243, 0.1346147158, 0.4621795569, 0.3961098622
11.85, 0.1355629789, 0.4702088725, 0.1559875427, 0.3910047568, 0.3960991431
11.9, 0.1573242647, 0.3984826125, 0.1735575558, 0.3103789994, 0.3960931391
11.95, 0.1752506144, 0.3171261251, 0.1869006789, 0.2222729457, 0.3960904648
12, 0.1889094243, 0.2281281055, 0.1956957208, 0.1288229755, 0.3960896621
12.05, 0.1979719632, 0.1336463288, 0.199731408, 0.03228108665, 0.3960895623
12.1, 0.2022205604, 0.03595701437, 0.198910918, -0.06503495166, 0.3960895677
12.15, 0.201553268, -0.06259549151, 0.1932539304, -0.1607910372, 0.396089794
12.2, 0.1959860191, -0.1596485731, 0.1828962114, -0.2526860404, 0.3960910425
12.25, 0.1856522993, -0.2528710533, 0.1680867279, -0.3385013651, 0.3960946098
12.3, 0.1708003261, -0.3400131917, 0.1491822725, -0.416150926, 0.3961019727
12.35, 0.1517877173, -0.4189571866, 0.1266395858, -0.4837311905, 0.3961144184
12.4, 0.1290736253, -0.4877678682, 0.101004995, -0.539570241, 0.3961326962
12.45, 0.1032083529, -0.5447425523, 0.07290165944, -0.582274095, 0.3961567707
12.5, 0.07482053216, -0.5884582753, 0.04301461529, -0.6107679652, 0.3961857313
12.55, 0.04460205677, -0.6178140372, 0.01207393876, -0.6243298783, 0.3962178813
12.6, 0.01329108102, -0.6320653923, -0.01916353001, -0.6226142232, 0.3962509938
12.65, -0.01834646507, -0.6308488651, -0.04993334771, -0.6056633573, 0.3962826782
12.7, -0.0495362848, -0.6141942278, -0.07948288811, -0.5739062993, 0.3963107843
12.75, -0.07951541037, -0.5825236014, -0.1070903739, -0.5281446169, 0.3963337531
12.8, -0.1075515231, -0.536637454, -0.1320829053, -0.469526671, 0.3963508446
12.85, -0.1329612687, -0.4776886679, -0.1538529497, -0.3995122229, 0.3963621919
12.9, -0.1551270185, -0.4071467282, -0.1718728728, -0.3198298903, 0.3963686772
12.95, -0.1735116461, -0.326754594, -0.185707217, -0.232429999, 0.3963716578
13, -0.1876710208, -0.2384808843, -0.1950225541, -0.1394350525, 0.3963726062
13.05, -0.1972640405, -0.1444696828, -0.199594838, -0.04308943853, 0.3963727429
13.1, -0.2020601339, -0.04698963642, -0.1993142433, 0.05429072763, 0.3963727415
13.15, -0.2019442192, 0.05161671965, -0.1941875058, 0.1503673813, 0.3963725677
13.2, -0.1969191416, 0.1489831772, -0.18433778, 0.242830124, 0.396371488
13.25, -0.187105607, 0.2427698559, -0.1700020114, 0.3294460416, 0.3963682442
13.3, -0.1727396121, 0.3307134076, -0.1515258091, 0.4081098995, 0.3963613572
13.35, -0.1541673535, 0.4106776554, -0.1293558037, 0.4768944098, 0.3963494972
13.4, -0.1318375982, 0.4807044095, -0.1040295096, 0.5340995844, 0.3963318383
13.45, -0.106291527, 0.5390634999, -0.07616277594, 0.5782994768, 0.3963083206
13.5, -0.07815013004, 0.5843003232, -0.0464350127, 0.6083840378, 0.3962797611
13.55, -0.04809933444, 0.61527859, -0.01557249915, 0.6235935208, 0.3962477829
13.6, -0.0168731693, 0.6312156417, 0.01566978963, 0.6235429864, 0.3962145766
13.65, 0.01476459601, 0.6317078014, 0.04652729228, 0.6082349807, 0.3961825403
13.7, 0.04603978826, 0.6167437468, 0.07624528504, 0.5780593377, 0.3961538755
13.75, 0.07618751044, 0.586704785, 0.1040979718, 0.5337801261, 0.3961302245
13.8, 0.1044715054, 0.5423520101, 0.1294066209, 0.4765108285, 0.3961124265
13.85, 0.1302025697, 0.4848014265, 0.1515562057, 0.4076797079, 0.3961004422
13.9, 0.1527554632, 0.4154890276, 0.17001012, 0.328987832, 0.3960934596
13.95, 0.1715838733, 0.3361283615, 0.1843226635, 0.2423623243, 0.3960901544
14, 0.1862331247, 0.2486632278, 0.1941491203, 0.1499071113, 0.3960890446
14.05, 0.1963504532, 0.1552178465, 0.1992533478, 0.05385284736, 0.3960888622
14.1, 0.2016927614, 0.05804623738, 0.1995128631, -0.04349302028, 0.3960888601
14.15, 0.2021318467, -0.04051820166, 0.1949214433, -0.1397957671, 0.3960889904
14.2, 0.1976571192, -0.138112639, 0.1855892565, -0.2327426907, 0.3960899157
14.25, 0.1883758312, -0.2323945111, 0.1717405255, -0.3200925871, 0.3960928515
14.3, 0.1745108177, -0.3210914225, 0.1537087071, -0.3997256434, 0.3960992732
14.35, 0.1563957307, -0.4020515387, 0.1319291701, -0.4696935294, 0.3961105492
14.4, 0.134467743, -0.4732942991, 0.1069293802, -0.5282688047, 0.3961275797
14.45, 0.1092577253, -0.5330605881, 0.07931666351, -0.5739920317, 0.3961505197
14.5, 0.08137796069, -0.5798607479, 0.04976371797, -0.6057143776, 0.3961786492
14.55, 0.05150755769, -0.6125181694, 0.01899215945, -0.6226331516, 0.3962104229
14.6, 0.02037584964, -0.6302058339, -0.01224547911, -0.6243177751, 0.3962436927
14.65, -0.01125580246, -0.6324732101, -0.04318476426, -0.6107241584, 0.3962760577
14.7, -0.04261326508, -0.6192613858, -0.07306878065, -0.5821962899, 0.3963052691
14.75, -0.07292932101, -0.5909051617, -0.1011673042, -0.5394549003, 0.3963296022
14.8, -0.1014631308, -0.5481219268, -0.126795103, -0.4835741434, 0.3963481179
14.85, -0.1275188251, -0.4919882522, -0.1493288092, -0.4159481377, 0.3963607586
14.9, -0.1504626566, -0.4239060858, -0.168221915, -0.3382497858, 0.3963682618
14.95, -0.1697382539, -0.3455610325, -0.1830175693, -0.2523844391, 0.3963719143
15, -0.1848796459, -0.2588753743, -0.193358979, -0.1604407321, 0.3963732032
15.05, -0.1955218578, -0.1659582372, -0.1989973187, -0.06464035449, 0.3963734412
15.1, -0.201408983, -0.06905474031, -0.1997971269, 0.03271217816, 0.3963734475
15.15, -0.2023997121, 0.02950477398, -0.195739199, 0.1292793802, 0.3963733523
15.2, -0.1984703346, 0.1273550502, -0.1869209951, 0.222740417, 0.396372566
15.25, -0.1897152332, 0.2221459341, -0.1735545653, 0.3108408518, 0.3963699192
15.3, -0.1763448774, 0.3115924991, -0.155961978, 0.3914427639, 0.3963639439
15.35, -0.1586813004, 0.39352559, -0.1345682363, 0.4625750594, 0.3963532376
15.4, -0.1371510395, 0.4659426556, -0.1098916891, 0.5224831503, 0.3963368295
15.45, -0.1122755432, 0.5270580799, -0.08253200547, 0.5696764559, 0.3963144717
15.5, -0.08465910435, 0.5753514706, -0.05315587168, 0.6029715588, 0.3962867878
15.55, -0.05497447515, 0.6096117066, -0.02248069235, 0.6215284862, 0.3962552432
15.6, -0.02394643888, 0.6289741535, 0.008743298234, 0.6248776014, 0.39622194
15.65, 0.007666253258, 0.6329484515, 0.03975198969, 0.6129350316, 0.3961892766
15.7, 0.03909005265, 0.6214347096, 0.0697868055, 0.5860053638, 0.3961595439
15.75, 0.06955627344, 0.5947267631, 0.09811392251, 0.5447713854, 0.3961345448
15.8, 0.09832058413, 0.5535022175, 0.1240426694, 0.4902717309, 0.396115316
15.85, 0.1246816864, 0.4988001274, 0.1469425407, 0.4238682233, 0.3961020124
15.9, 0.1479986048, 0.4319881223, 0.1662583698, 0.3472053031, 0.3960939738
15.95, 0.1677061196, 0.3547214254, 0.181523329, 0.2621641258, 0.3960899556
16, 0.1833280024, 0.2688964231, 0.1923695516, 0.1708136955, 0.3960884708
16.05, 0.1944878469, 0.1766012261, 0.1985362764, 0.07536086483, 0.3960881667
16.1, 0.2009173927, 0.08006511308, 0.1998754883, -0.02189967811, 0.3960881545
16.15, 0.2024623193, -0.01839198247, 0.1963550682, -0.1186350121, 0.3960882218
16.2, 0.1990855255, -0.1164095162, 0.1880594715, -0.2125232971, 0.3960888829
16.25, 0.190867917, -0.2116360519, 0.1751879398, -0.3013031793, 0.3960912564
16.3, 0.1780067061, -0.3017790803, 0.1580502339, -0.3828235891, 0.3960967974
16.35, 0.1608112114, -0.3846552944, 0.137059867, -0.4550938389, 0.3961069382
16.4, 0.1396961308, -0.4582412787, 0.1127248401, -0.5163332954, 0.3961227168
16.45, 0.1151722834, -0.5207239161, 0.08563593181, -0.5650191747, 0.3961444738
16.5, 0.08783486653, -0.5705490629, 0.05645268975, -0.5999303599, 0.3961716844
16.55, 0.05834936539, -0.6064663541, 0.02588738087, -0.6201847301, 0.3962029674
16.6, 0.02743537293, -0.6275675621, -0.005312708077, -0.6252674526, 0.3962362726
16.65, -0.004151291966, -0.633315868, -0.0363841124, -0.6150480697, 0.3962692092
16.7, -0.03563765398, -0.6235637808, -0.06656657443, -0.5897849773, 0.3962994481
16.75, -0.06625323002, -0.5985582159, -0.09512232682, -0.5501169132, 0.3963251106
16.8, -0.09524959923, -0.558932295, -0.1213546382, -0.4970421656, 0.3963450615
16.85, -0.1219192434, -0.5056845631, -0.1446250453, -0.4318871716, 0.3963590459
16.9, -0.1456130668, -0.4401473163, -0.1643687976, -0.3562668265, 0.3963676429
16.95, -0.1657561099, -0.3639464271, -0.1801081632, -0.2720390782, 0.3963720502
17, -0.1818610957, -0.2789553205, -0.1914633733, -0.1812562138, 0.3963737502
17.05, -0.1935395831, -0.1872455974, -0.1981610891, -0.08611474926, 0.3963741323
17.1, -0.2005106087, -0.09103628866, -0.2000403548, 0.01109485421, 0.396374153
17.15, -0.2026067868, 0.00735699082, -0.1970560455, 0.108038132, 0.3963741071
17.2, -0.1997778754, 0.1055724567, -0.1892798248, 0.2023862618, 0.3963735572
17.25, -0.192091833, 0.2012522046, -0.1768986219, 0.2918657522, 0.3963714381
17.3, -0.1797333741, 0.2920922765, -0.1602106155, 0.374308476, 0.3963663119
17.35, -0.1630000124, 0.3758931024, -0.1396187088, 0.4477019847, 0.3963567211
17.4, -0.1422955719, 0.4506103112, -0.1156214926, 0.510239437, 0.3963415638
17.45, -0.1181211603, 0.5144052824, -0.08880175012, 0.5603677516, 0.3963204097
17.5, -0.0910636472, 0.5656940638, -0.0598126402, 0.5968319386, 0.3962936855
17.55, -0.06178178037, 0.603192588, -0.02936180986, 0.6187131304, 0.396262687
17.6, -0.03099018511, 0.6259556538, 0.001806182915, 0.6254577573, 0.3962294093
17.65, 0.000558373975, 0.6334070397, 0.03292863683, 0.6168956608, 0.3961962303
17.7, 0.03209196611, 0.625358452, 0.06324407132, 0.5932456725, 0.3961655121
17.75, 0.06283910134, 0.6020157492, 0.09201154416, 0.5551081912, 0.3961392049
17.8, 0.09204831733, 0.5639719171, 0.1185292838, 0.5034453862, 0.3961185393
17.85, 0.1190070939, 0.5121873951, 0.1421520543, 0.4395506338, 0.3961038699
17.9, 0.1430594996, 0.4479593737, 0.1623067696, 0.3650094785, 0.3960947011
17.95, 0.1636220752, 0.3728824023, 0.1785059978, 0.2816546954, 0.3960898867
18, 0.1801975857, 0.2888029564, 0.1903591228, 0.1915179015, 0.3960879539
18.05, 0.1923864024, 0.1977704855, 0.1975810426, 0.09677968357, 0.3960874814
18.1, 0.1998953937, 0.1019869802, 0.199998365, -0.0002804702053, 0.3960874482
18.15, 0.2025442869, 0.003756388843, 0.1975531083, -0.09733386834, 0.3960874782
18.2, 0.2002695093, -0.09456553571, 0.1903039273, -0.1920519648, 0.3960879297
18.25, 0.1931255342, -0.1906209943, 0.1784248728, -0.2821557085, 0.3960898099
18.3, 0.1812837401, -0.2820998982, 0.1622016762, -0.3654652437, 0.3960945348
18.35, 0.1650287732, -0.3667900262, 0.1420255391, -0.4399499779, 0.3961035821
18.4, 0.1447523898, -0.4426276551, 0.1183844205, -0.5037784478, 0.3961181136
18.45, 0.120944765, -0.5077481293, 0.09185186094, -0.5553666921, 0.3961386486
18.5, 0.09418329927, -0.5605350886, 0.0630734656, -0.5934231591, 0.3961648601
18.55, 0.06511903729, -0.5996663566, 0.0327512789, -0.6169877007, 0.3961955421
18.6, 0.03446092824, -0.6241539818, 0.001626411124, -0.6254620776, 0.39622876
18.65, 0.002958285278, -0.6333757668, -0.02953959909, -0.6186296865, 0.3962621541
18.7, -0.02861806755, -0.6270958994, -0.05998410395, -0.5966629088, 0.396293334
18.75, -0.05949537027, -0.6054729928, -0.08896270848, -0.5601174581, 0.3963202805
18.8, -0.08891857257, -0.5690548465, -0.1157680325, -0.5099142015, 0.3963416674
18.85, -0.1161693923, -0.5187603721, -0.1397472791, -0.4473099283, 0.3963570384
18.9, -0.1405841789, -0.4558501775, -0.1603181113, -0.3738592802, 0.3963668012
18.95, -0.1615700679, -0.3818880721, -0.1769824557, -0.2913703944, 0.3963720466
19, -0.178619039, -0.2986961267, -0.1893379848, -0.2018567369, 0.3963742328
19.05, -0.1913196201, -0.2083058537, -0.1970871392, -0.1074871714, 0.3963748095
19.1, -0.1993660986, -0.1129076307, -0.2000436387, -0.01053564495, 0.39637486
19.15, -0.2025651913, -0.01479980512, -0.1981364847, 0.08666884224, 0.3963748413
19.2, -0.2008401782, 0.08366183026, -0.1914114692, 0.1817919252, 0.3963744757
19.25, -0.1942325207, 0.1801141419, -0.1800302026, 0.2725435217, 0.396372816
19.3, -0.1829009785, 0.2722366814, -0.164266653, 0.356727777, 0.3963684727
19.35, -0.167118219, 0.3578020259, -0.1445011778, 0.4322933513, 0.3963599521
19.4, -0.1472648979, 0.4347265363, -0.1212120432, 0.4973835279, 0.3963460361
19.45, -0.1238212009, 0.5011210599, -0.0949644656, 0.5503849164, 0.3963261197
19.5, -0.09735587371, 0.5553403729, -0.06639729235, 0.5899728365, 0.3963004316
19.55, -0.06851285207, 0.5960294358, -0.03620754561, 0.61515097, 0.3962700872
19.6, -0.03799570745, 0.6221640068, -0.005133180724, 0.6252827113, 0.3962369575
19.65, -0.006550259529, 0.6330829641, 0.02606546594, 0.6201118926, 0.3962033795
19.7, 0.02505416933, 0.6285099272, 0.05662496331, 0.599771222, 0.3961717663
19.75, 0.05604427461, 0.6085624221, 0.0857981697, 0.5647777288, 0.3961442015
19.8, 0.08566241862, 0.5737478176, 0.1128730702, 0.5160156038, 0.3961221034
19.85, 0.1131857505, 0.524946382, 0.1371904683, 0.4547078451, 0.3961060293
19.9, 0.1379441847, 0.4633828722, 0.1581600245, 0.3823788796, 0.3960956607
19.95, 0.1593367167, 0.3905888652, 0.1752742529, 0.3008107131, 0.3960899669
20, 0.1768456787, 0.3083584512, 0.1881202164, 0.2119951154, 0.3960875088
20.05, 0.190048668, 0.2186998725, 0.1963887771, 0.118083941, 0.396086814
20.1, 0.1986280028, 0.123785281, 0.1998813482, 0.02133903193, 0.3960867403
20.15, 0.2023776515, 0.02590011234, 0.198514146, -0.07591757828, 0.396086751
20.2, 0.201207638, -0.07260717783, 0.1923199638, -0.1713530659, 0.3960870424
20.25, 0.1951459462, -0.1693749336, 0.1814474787, -0.2626731303, 0.396088497
20.3, 0.1843379373, -0.262078015, 0.1661580874, -0.3476715977, 0.3960924733
20.35, 0.1690432751, -0.3484778411, 0.1468202507, -0.4242804319, 0.3961004756
20.4, 0.1496303364, -0.426472936, 0.123901335, -0.4906197307, 0.396113774
20.45, 0.1265680875, -0.4941495953, 0.09795697602, -0.5450465777, 0.396133058
20.5, 0.1004154466, -0.5498315661, 0.06961806587, -0.5862009176, 0.3961581983
20.55, 0.07180822327, -0.5921268905, 0.03957556889, -0.6130460876, 0.3961881739
20.6, 0.04144383674, -0.6199694921, 0.008563498697, -0.6249014202, 0.3962211823
20.65, 0.01006414175, -0.6326528418, -0.02265948609, -0.6214645314, 0.3962549154
20.7, -0.02156317818, -0.6298532143, -0.05332930373, -0.6028215075, 0.3962869418
20.75, -0.05266407908, -0.611640654, -0.08269585796, -0.569444137, 0.3963151166
20.8, -0.08247784421, -0.5784767201, -0.1100419869, -0.5221744164, 0.39633793
20.85, -0.11027633, -0.5311991987, -0.1347013437, -0.462197602, 0.3963547219
20.9, -0.1353821463, -0.4709950572, -0.1560746853, -0.3910058866, 0.3963657179
20.95, -0.1571852336, -0.3993637656, -0.1736441629, -0.3103552154, 0.3963718841
21, -0.1751574185, -0.3180735706, -0.1869853347, -0.2222177683, 0.3963746357
21.05, -0.1888646621, -0.2291133408, -0.195776741, -0.1287322755, 0.3963754643
21.1, -0.1979768383, -0.1346422325, -0.1998069743, -0.03215370596, 0.3963755682
21.15, -0.2022749748, -0.03693877894, -0.1989792361, 0.06519685054, 0.3963755629
21.2, -0.2016559548, 0.06164974177, -0.1933133989, 0.1609819297, 0.3963753348
21.25, -0.1961346977, 0.1587574858, -0.1829455841, 0.2528973166, 0.3963740679
21.3, -0.1858438379, 0.2520500498, -0.1681252546, 0.3387219072, 0.3963704387
21.35, -0.1710308978, 0.3392747169, -0.1492098047, 0.4163679413, 0.3963629367
21.4, -0.1520529387, 0.4183111389, -0.1266566357, 0.4839312313, 0.3963502435
21.45, -0.1293686708, 0.4872221291, -0.1010127403, 0.5397403213, 0.3963315891
21.5, -0.1035280416, 0.5443035319, -0.07290189214, 0.5824028015, 0.3963070047
21.55, -0.07515938953, 0.5881313925, -0.04300963772, 0.6108464557, 0.3962774171
21.6, -0.04495435432, 0.6176040666, -0.01206641409, 0.6243526685, 0.3962445572
21.65, -0.01365086384, 0.6319766288, 0.0191707593, 0.6225796808, 0.3962107002
21.7, 0.01798535411, 0.6308850766, 0.04993745774, 0.6055738513, 0.3961782904
21.75, 0.04918017311, 0.614358398, 0.07948126979, 0.5737679895, 0.3961495287
21.8, 0.07917074602, 0.582817486, 0.1070808101, 0.5279669037, 0.3961260128
21.85, 0.1072247994, 0.5370609982, 0.132063713, 0.4693213635, 0.3961085041
21.9, 0.1326589172, 0.4782393498, 0.1538230756, 0.3992925109, 0.3960968711
21.95, 0.1548552692, 0.4078189034, 0.1718319341, 0.3196092201, 0.3960902156
22, 0.1732763566, 0.327538919, 0.1856554863, 0.2322209633, 0.3960871518
22.05, 0.1874774796, 0.2393638945, 0.1949608913, 0.1392483942, 0.396086174
22.1, 0.1971167555, 0.1454335893, 0.1995245768, 0.04293325683, 0.3960860319
22.15, 0.2019626159, 0.04801239362, 0.1992370446, -0.05441150375, 0.3960860332
22.2, 0.2018987773, -0.05056104353, 0.1941051925, -0.1504512127, 0.3960862081
22.25, 0.196926705, -0.1479237135, 0.1842521687, -0.242878762, 0.3960873024
22.3, 0.1871655884, -0.2417379467, 0.1699147567, -0.3294641245, 0.3960905997
22.35, 0.1728498273, -0.3297413525, 0.1514382747, -0.4081042878, 0.3960976117
22.4, 0.1543240094, -0.4097972608, 0.1292689726, -0.4768733244, 0.3961097
22.45, 0.1320353561, -0.479945431, 0.1039439398, -0.5340716321, 0.3961277137
22.5, 0.1065236442, -0.5384520891, 0.07607860617, -0.5782726599, 0.3961517197
22.55, 0.0784086763, -0.583857603, 0.04635201599, -0.6083648456, 0.396180889
22.6, 0.04837547449, -0.615019479, 0.01549017756, -0.6235861993, 0.3962135672
22.65, 0.01715749485, -0.6311480361, -0.01575207971, -0.6235490615, 0.3962475177
22.7, -0.01448170354, -0.6318321921, -0.04661019853, -0.6082530868, 0.3962802885
22.75, -0.04576778771, -0.6170533081, -0.07632931706, -0.5780853698, 0.3963096259
22.8, -0.07593534705, -0.5871859265, -0.1041833745, -0.5338077008, 0.3963338458
22.85, -0.104247295, -0.5429853348, -0.1294932775, -0.4765320032, 0.3963520839
22.9, -0.1300133391, -0.4855630002, -0.151643582, -0.4076858836, 0.3963643745
22.95, -0.1526069592, -0.4163518379, -0.1700972559, -0.3289707455, 0.3963715431
23, -0.1714804466, -0.3370638332, -0.1844082148, -0.242315029, 0.3963749419
23.05, -0.1861776888, -0.2496426672, -0.194231447, -0.1498248495, 0.3963760863
23.1, -0.1963445107, -0.1562137053, -0.1993306412, -0.0537337281, 0.3963762757
23.15, -0.2017364877, -0.059033114, -0.1995833011, 0.04364760428, 0.396376278
23.2, -0.2022242157, 0.03956287061, -0.1949833583, 0.1399810261, 0.396376147
23.25, -0.1977960559, 0.1372082122, -0.1856413018, 0.2329506444, 0.396375209
23.3, -0.1885583747, 0.2315570829, -0.1717818231, 0.3203125798, 0.3963722237
23.35, -0.1747332803, 0.3203340263, -0.1537389628, 0.3999451281, 0.3963656828
23.4, -0.1566538413, 0.4013845477, -0.1319487441, 0.469899058, 0.3963541853
23.45, -0.1347567677, 0.4727259456, -0.1069393044, 0.5284471361, 0.3963368071
23.5, -0.1095725607, 0.5325975181, -0.07931860332, 0.5741312588, 0.3963133852
23.55, -0.08171319989, 0.579508527, -0.04975987884, 0.605804965, 0.3962846509
23.6, -0.05185753412, 0.6122816694, -0.01898514614, 0.6226687816, 0.3962521803
23.65, -0.02073466572, 0.6300894431, 0.01225283891, 0.6242959156, 0.3962181674
23.7, 0.01089425219, 0.6324808365, 0.04318961644, 0.6106462938, 0.3961850663
23.75, 0.04225526546, 0.6193962447, 0.07306844374, 0.5820677895, 0.3961551782
23.8, 0.07258129219, 0.5911693682, 0.101159453, 0.5392845387, 0.3961302698
23.85, 0.1011315598, 0.5485159358, 0.1267779205, 0.4833733216, 0.3961113059
23.9, 0.1272101666, 0.4925102071, 0.1493010936, 0.4157298859, 0.3960983503
23.95, 0.1501832008, 0.4245511512, 0.1681831336, 0.3380276462, 0.3960906528
24, 0.1694939618, 0.3463207879, 0.1829678558, 0.2521713382, 0.3960869002
24.05, 0.1846759579, 0.2597373465, 0.1932990759, 0.1602479461, 0.3960855726
24.1, 0.1953634832, 0.1669056393, 0.1989284732, 0.06447665952, 0.3960853261
24.15, 0.2012996834, 0.07006647211, 0.1997209492, -0.03284109949, 0.3960853194
24.2, 0.2023420918, -0.02845382603, 0.1956574996, -0.1293712305, 0.3960854149
24.25, 0.1984656541, -0.1262933968, 0.1868356146, -0.2227962554, 0.3960862109
24.3, 0.1897632612, -0.2211045573, 0.1734672138, -0.3108647542, 0.3960889
24.35, 0.1764437963, -0.3106036508, 0.1558740989, -0.3914412081, 0.3960949816
24.4, 0.1588276773, -0.3926213735, 0.1344809057, -0.4625560968, 0.3961058912
24.45, 0.1373398724, -0.465153478, 0.1098055613, -0.5224554436, 0.3961226253
24.5, 0.1125003847, -0.5264110825, 0.08244730709, -0.5696482776, 0.396145443
24.55, 0.0849122628, -0.5748690592, 0.05307244549, -0.6029498516, 0.396173713
24.6, 0.05524728353, -0.609310306, 0.02239808388, -0.6215180809, 0.3962059427
24.65, 0.02422957821, -0.6288632984, -0.008825720316, -0.6248806749, 0.3962399865
24.7, -0.007382395343, -0.6330302997, -0.03983489344, -0.6129508624, 0.3962733931
24.75, -0.03881501061, -0.6217040245, -0.06987075146, -0.5860304127, 0.3963038181
24.8, -0.06929914356, -0.595171367, -0.09819923143, -0.5447996918, 0.3963294136
24.85, -0.09808969777, -0.5541038691, -0.124129317, -0.4902955836, 0.3963491137
24.9, -0.124484336, -0.4995357359, -0.1470300912, -0.4238790343, 0.3963627536
24.95, -0.1478408367, -0.4328311801, -0.1663459566, -0.347194593, 0.3963710037
25, -0.1675926007, -0.3556435279, -0.1816096851, -0.2621245218, 0.3963751336
25.05, -0.1832619633, -0.2698687441, -0.1924530883, -0.1707398407, 0.3963766634
25.1, -0.194471094, -0.1775958343, -0.1986152033, -0.07525014994, 0.3963769783
25.15, -0.2009503812, -0.08105604033, -0.1999479638, 0.0220466317, 0.3963769911
25.2, -0.2025442716, 0.01742797623, -0.1964193671, 0.1188141672, 0.3963769237
25.25, -0.19921458, 0.1154925045, -0.1881141537, 0.2127273359, 0.3963762544
25.3, -0.1910412908, 0.2107828183, -0.1752320043, 0.3015219532, 0.3963738421
25.35, -0.1782208568, 0.3010032706, -0.1580832433, 0.3830448508, 0.3963682002
25.4, -0.1610619852, 0.3839677841, -0.1370820292, 0.4553041971, 0.3963578628
25.45, -0.1399788893, 0.4576506782, -0.1127370383, 0.5165193101, 0.3963417653
25.5, -0.1154820025, 0.5202371299, -0.08563969897, 0.5651684944, 0.396319555
25.55, -0.08816620842, 0.570171818, -0.05645012639, 0.6000327937, 0.3962917636
25.6, -0.05869672625, 0.606203623, -0.02588102383, 0.620233149, 0.396259799
25.65, -0.02779291339, 0.6274238195, 0.005320056021, 0.625258429, 0.3962257547
25.7, 0.003789624101, 0.6332951436, 0.03638957686, 0.6149821888, 0.3961920739
25.75, 0.03527809827, 0.6236694939, 0.06656741031, 0.589666787, 0.3961611392
25.8, 0.06590217443, 0.598792807, 0.09511610771, 0.5499545171, 0.3961348745
25.85, 0.09491351845, 0.5592966918, 0.1213394173, 0.4968465025, 0.3961144447
25.9, 0.1216046074, 0.5061775392, 0.1445994741, 0.431671054, 0.3961001152
25.95, 0.1453262164, 0.4407648156, 0.1643321919, 0.3560438363, 0.3960912984
26, 0.1655030988, 0.3646809315, 0.1800605137, 0.2718224267, 0.3960867725
26.05, 0.1816475044, 0.2797953401, 0.1914052992, 0.1810576725, 0.3960850229
26.1, 0.193370311, 0.1881753538, 0.198093743, 0.085943748, 0.3960846277
26.15, 0.2003896574, 0.09203564939, 0.199965288, -0.01123188662, 0.3960846059
26.2, 0.2025370463, -0.006312282502, 0.1969750473, -0.108138131, 0.3960846519
26.25, 0.1997609305, -0.1045102371, 0.1891947522, -0.2024495701, 0.3960852079
26.3, 0.1921278046, -0.2002030296, 0.1768112346, -0.2918958462, 0.3960873594
26.35, 0.1798208105, -0.2910882746, 0.1601224323, -0.374311405, 0.3960925749
26.4, 0.1631358446, -0.3749665939, 0.1395308976, -0.4476855801, 0.3961023452
26.45, 0.1424751419, -0.449792276, 0.1155348047, -0.5102123668, 0.3961178002
26.5, 0.1183383275, -0.5137237798, 0.08871650371, -0.5603385141, 0.3961393852
26.55, 0.09131097285, -0.5651727245, 0.05972875294, -0.5968078953, 0.3961666703
26.6, 0.06205078275, -0.6028493034, 0.02927887754, -0.6186996758, 0.3961983367
26.65, 0.03127165295, -0.6258015798, -0.001888771929, -0.625457714, 0.3962323488
26.7, -0.0002740281282, -0.6334460078, -0.03301156374, -0.6169089636, 0.3962662769
26.75, -0.03181433459, -0.6255868447, -0.06332794132, -0.5932693749, 0.3962977049
26.8, -0.06257741574, -0.6024228518, -0.09209674934, -0.5551367954, 0.3963246346
26.85, -0.09181111175, -0.5645407095, -0.1186158899, -0.5034714606, 0.3963458022
26.9, -0.1188019172, -0.512895704, -0.1422397243, -0.4395656529, 0.3963608389
26.95, -0.1428926919, -0.4487812728, -0.1623947329, -0.3650047971, 0.3963702459
27, -0.1634986182, -0.3737897294, -0.1785930698, -0.2816225578, 0.3963751919
27.05, -0.1801210284, -0.2897668143, -0.1904437732, -0.1914523836, 0.3963771817
27.1, -0.1923588594, -0.1987626076, -0.1976615074, -0.09667747598, 0.3963776703
27.15, -0.1999176064, -0.1029808632, -0.200072792, 0.0004195152619, 0.396377705
27.2, -0.2026157336, -0.004728130332, -0.1976197231, 0.09750648056, 0.3963776751
27.25, -0.2003885495, 0.09363672501, -0.1903612037, 0.1922515183, 0.3963772186
27.3, -0.1932895706, 0.1897526005, -0.1784716926, 0.2823726049, 0.3963753089
27.35, -0.1814893819, 0.2813062025, -0.1622374618, 0.3656875875, 0.3963704998
27.4, -0.1652719893, 0.3660824342, -0.1420503464, 0.4401644921, 0.3963612796
27.45, -0.1450286408, 0.4420151833, -0.1183989817, 0.5039715507, 0.3963464574
27.5, -0.1212491089, 0.5072379646, -0.091857571, 0.5555256395, 0.3963254981
27.55, -0.09451046863, 0.5601331359, -0.06307231267, 0.5935371453, 0.3962987314
27.6, -0.0654634919, 0.599377696, -0.03274572265, 0.6170488113, 0.3962673854
27.65, -0.03481688779, 0.6239831697, -0.001619219272, 0.6254659979, 0.3962334351
27.7, -0.003319752117, 0.6333269383, 0.02954554195, 0.6185760925, 0.3961992914
27.75, 0.0282572853, 0.6271726521, 0.05998599823, 0.596555499, 0.3961673988
27.8, 0.05914162453, 0.6056780597, 0.08895803391, 0.5599636231, 0.3961398245
27.85, 0.0885783201, 0.5693895914, 0.1157547175, 0.5097243645, 0.3961179283
27.9, 0.115849111, 0.5192241627, 0.1397238304, 0.4470966264, 0.3961021816
27.95, 0.1402902507, 0.4564397052, 0.1602836928, 0.3736360779, 0.3960921719
28, 0.1613086289, 0.3825966981, 0.1769369114, 0.2911507362, 0.3960867877
28.05, 0.1783957983, 0.2995133329, 0.1892818049, 0.2016528489, 0.3960845392
28.1, 0.1911396557, 0.209216873, 0.1970213742, 0.1073091098, 0.3960839438
28.15, 0.1992336406, 0.1138933175, 0.1999697723, 0.01039057388, 0.3960838911
28.2, 0.2024834059, 0.01583679432, 0.1980562766, -0.08677708541, 0.3960839096
28.25, 0.2008109669, -0.08260065013, 0.1913267848, -0.1818629459, 0.3960842788
28.3, 0.1942563516, -0.1790588367, 0.1799428448, -0.2725801622, 0.3960859627
28.35, 0.1829767648, -0.2712191819, 0.1641782112, -0.3567356138, 0.3960903799
28.4, 0.167243258, -0.3568547898, 0.1444129098, -0.4322799454, 0.3960990574
28.45, 0.1474348824, -0.4338810365, 0.1211247978, -0.4973575018, 0.3961132434
28.5, 0.1240303073, -0.5004061998, 0.09487865496, -0.5503549477, 0.3961335614
28.55, 0.09759693018, -0.554780946, 0.06631291425, -0.5899466673, 0.396159784
28.6, 0.0687775787, -0.595644756, 0.03612425261, -0.6151345344, 0.3961907769
28.65, 0.03827501893, -0.6219668287, 0.005050388301, -0.6252794692, 0.396224632
28.7, 0.006834612056, -0.6330787943, -0.02614844474, -0.6201224427, 0.3962589625
28.75, -0.02477440785, -0.6286967923, -0.05670877177, -0.5997932347, 0.3962913006
28.8, -0.05577845478, -0.6089311167, -0.08588326616, -0.5648062064, 0.3963195125
28.85, -0.08541926372, -0.5742826056, -0.1129596075, -0.5160434415, 0.3963421428
28.9, -0.1129730557, -0.5256260809, -0.1372782078, -0.4547266316, 0.3963586154
28.95, -0.1377685777, -0.4641822136, -0.158248294, -0.382379855, 0.3963692503
29, -0.159203491, -0.3914800028, -0.1753619545, -0.300785784, 0.3963750973
29.05, -0.1767587029, -0.3093124817, -0.1882058848, -0.2119378259, 0.3963776262
29.1, -0.1900103689, -0.2196882448, -0.196470683, -0.1179903034, 0.3963783437
29.15, -0.1986394137, -0.1247809915, -0.1999576375, -0.02120813505, 0.3963784205
29.2, -0.202438514, -0.02687861491, -0.1985830037, 0.07608324156, 0.3963784098
29.25, -0.2013165407, 0.07166738599, -0.1923797854, 0.1715475883, 0.3963781158
29.3, -0.1953004846, 0.1684920526, -0.1814970346, 0.2628875036, 0.3963766395
29.35, -0.1845348792, 0.2612669825, -0.1661966637, 0.3478943292, 0.396372594
29.4, -0.1692787176, 0.34775062, -0.1468477525, 0.424498416, 0.396364441
29.45, -0.1498998433, 0.4258389773, -0.1239183413, 0.4908193018, 0.3963508795
29.5, -0.1268668013, 0.4936163941, -0.0979647394, 0.5452146524, 0.3963312006
29.55, -0.1007381722, 0.5494052243, -0.06961845488, 0.5863261194, 0.3963055317
29.6, -0.0721494848, 0.5918126046, -0.03957095703, 0.6131197465, 0.396274912
29.65, -0.04179791369, 0.6197718983, -0.008556608576, 0.624918347, 0.3962411805
29.7, -0.01042509218, 0.6325761671, 0.0226657699, 0.6214234866, 0.3962066951
29.75, 0.02120149644, 0.6299012104, 0.05333213659, 0.6027253163, 0.3961739416
29.8, 0.05230797843, 0.6118163145, 0.08269263361, 0.569299437, 0.3961451149
29.85, 0.08213375827, 0.5787818089, 0.1100305146, 0.5219910645, 0.3961217624
29.9, 0.1099507373, 0.5316336401, 0.1346799882, 0.4619878023, 0.3961045638
29.95, 0.1350814617, 0.4715562572, 0.1560424584, 0.3907831277, 0.3960932929
30, 0.1569156649, 0.4000459389, 0.1736007591, 0.3101331217, 0.3960869657
30.05, 0.174924792, 0.3188671567, 0.1869311096, 0.2220089767, 0.3960841375
30.1, 0.1886742228, 0.2300045832, 0.1957126361, 0.1285474383, 0.396083283
30.15, 0.1978330336, 0.1356129874, 0.1997343971, 0.03200070766, 0.396083175
30.2, 0.2021812367, 0.03796660438, 0.1988999083, -0.06531339806, 0.3960831802
30.25, 0.2016144933, -0.06059118523, 0.1932291862, -0.1610608766, 0.39608341
30.3, 0.1961463228, -0.1576977126, 0.1828583252, -0.2529408395, 0.3960846943
30.35, 0.1859078253, -0.2510207208, 0.1680366048, -0.3387350666, 0.3960883836
30.4, 0.1711449131, -0.3383083479, 0.1491211086, -0.4163579783, 0.3960960214
30.45, 0.1522130307, -0.4174396152, 0.1265688396, -0.4839066715, 0.3961089577
30.5, 0.129569343, -0.4864751222, 0.1009263528, -0.5397099728, 0.3961279845
30.55, 0.103762402, -0.5437069329, 0.0728169956, -0.5823747476, 0.3961530758
30.6, 0.07541937619, -0.587705889, 0.04292594777, -0.6108271418, 0.3961832905
30.65, 0.04523102587, -0.617363984, 0.01198338061, -0.6243461792, 0.3962168644
30.7, 0.01393473894, -0.6319291446, -0.01925382152, -0.6225872831, 0.3962514744
30.75, -0.01770392891, -0.6310298818, -0.05002122314, -0.6055938531, 0.3962846217
30.8, -0.04891065062, -0.6146878384, -0.07956625753, -0.5737959284, 0.3963140533
30.85, -0.07892202443, -0.5833171693, -0.1071672568, -0.5279960468, 0.3963381308
30.9, -0.1070049091, -0.5377108044, -0.1321514771, -0.4693434654, 0.3963560695
30.95, -0.1324747665, -0.4790147453, -0.1539115848, -0.3992987487, 0.396367998
31, -0.15471246, -0.4086924328, -0.1719201817, -0.3195912103, 0.39637483
31.05, -0.1731790773, -0.3284817398, -0.1857420783, -0.2321717563, 0.3963779802
31.1, -0.1874284722, -0.2403472259, -0.1950441405, -0.1391633488, 0.3963789887
31.15, -0.197117351, -0.1464299666, -0.1996026362, -0.04281070835, 0.3963791363
31.2, -0.2020128263, -0.04899664864, -0.1993080673, 0.05456984685, 0.3963791352
31.25, -0.201997428, 0.04961112138, -0.1941675039, 0.1506401848, 0.3963789591
31.3, -0.1970715923, 0.1470270469, -0.1843044343, 0.2430899829, 0.3963778495
31.35, -0.1873536456, 0.2409101495, -0.1699561304, 0.3296865531, 0.3963744963
31.4, -0.1730772854, 0.3289949714, -0.1514685126, 0.408325046, 0.3963673544
31.45, -0.1545865399, 0.4091422103, -0.1292884993, 0.4770787214, 0.3963550297
31.5, -0.1323281891, 0.479389541, -0.1039538613, 0.5342483005, 0.3963366505
31.55, -0.1068416586, 0.5380016793, -0.07608066498, 0.578408699, 0.3963121438
31.6, -0.07874646176, 0.5835179982, -0.04634849068, 0.6084508633, 0.396282352
31.65, -0.04872737088, 0.6147953955, -0.01548373569, 0.6236161485, 0.3962489627
31.7, -0.01751761685, 0.6310437821, 0.01575856389, 0.6235207857, 0.39621426
31.75, 0.01411944661, 0.6318516517, 0.0466138451, 0.6081685173, 0.39618075
31.8, 0.04540966564, 0.6171997047, 0.07632744205, 0.5779503546, 0.3961507384
31.85, 0.07558776558, 0.5874613879, 0.104173674, 0.5336314813, 0.3961259505
31.9, 0.1039167268, 0.5433903052, 0.129473978, 0.4763263938, 0.3961072744
31.95, 0.1297062231, 0.4860955649, 0.1516135438, 0.407464238, 0.3960946798
32, 0.1523295652, 0.4170070373, 0.1700560216, 0.328746813, 0.3960873265
32.05, 0.1712387072, 0.3378330469, 0.1843560006, 0.2421018108, 0.396083835
32.1, 0.1859770038, 0.2505131454, 0.1941690783, 0.1496335598, 0.3960826562
32.15, 0.1961895336, 0.1571683173, 0.1992594415, 0.05357295345, 0.3960824598
32.2, 0.2016309056, 0.06005036863, 0.1995049448, -0.04377247948, 0.3960824572
32.25, 0.2021705383, -0.03850849686, 0.194899703, -0.1400680824, 0.3960825889
32.3, 0.1977954289, -0.1361456238, 0.185554215, -0.2330013635, 0.3960835389
32.35, 0.1886104334, -0.2305176005, 0.1716930205, -0.3203314654, 0.396086572
32.4, 0.1748360591, -0.3193501455, 0.1536498724, -0.3999390529, 0.3960932291
32.45, 0.1568037502, -0.4004884849, 0.1318604088, -0.4698763985, 0.396104944
32.5, 0.1349486459, -0.4719480625, 0.1068523312, -0.5284167817, 0.3961226653
32.55, 0.1097998085, -0.5319647353, 0.07923316327, -0.5741015908, 0.3961465657
32.6, 0.08196798883, -0.5790428525, 0.0496757566, -0.6057829092, 0.3961759039
32.65, 0.05213108447, -0.6119989666, 0.01890183315, -0.622659031, 0.3962090745
32.7, 0.02101757736, -0.6299985509, -0.01233601848, -0.6243004063, 0.3962438381
32.75, -0.01061163545, -0.6325831249, -0.04327336112, -0.610663988, 0.3962776867
32.8, -0.04198248128, -0.6196856483, -0.07315332757, -0.5820947922, 0.3963082656
32.85, -0.07232739875, -0.591632895, -0.1012457923, -0.539314533, 0.3963337639
32.9, -0.1009048111, -0.549134598, -0.1268656694, -0.4833982784, 0.3963531893
32.95, -0.1270177432, -0.4932602825, -0.1493897808, -0.415740972, 0.3963664705
33, -0.150031009, -0.4254056517, -0.1682718469, -0.3380162369, 0.3963743695
33.05, -0.1693865091, -0.3472510015, -0.1830552781, -0.2521300311, 0.396378226
33.1, -0.1846163042, -0.2607143206, -0.1933835703, -0.160171475, 0.3963795939
33.15, -0.1953532626, -0.1679014906, -0.1990082081, -0.06436261953, 0.3963798494
33.2, -0.201339185, -0.0710554364, -0.1997940548, 0.03299178748, 0.3963798565
33.25, -0.2024303856, 0.02749465811, -0.1957222392, 0.1295541622, 0.3963797607
33.3, -0.1986007449, 0.1253836762, -0.1868905559, 0.2230037132, 0.3963789543
33.35, -0.1899422553, 0.220260592, -0.1735113838, 0.3110861958, 0.3963762211
33.4, -0.1766630646, 0.3098385966, -0.1559071065, 0.3916640381, 0.3963700289
33.45, -0.1590830038, 0.3919456373, -0.1345030209, 0.4627666579, 0.3963589085
33.5, -0.1376265781, 0.464575253, -0.10981774, 0.5226401409, 0.3963418382
33.55, -0.1128134246, 0.5259369285, -0.08245115944, 0.5697947357, 0.3963185484
33.6, -0.08524629306, 0.5745044436, -0.05307014692, 0.6030479933, 0.3962896794
33.65, -0.05559670512, 0.6090600286, -0.02239223714, 0.621561022, 0.396256753
33.7, -0.02458856321, 0.6287317399, 0.008832261644, 0.6248653438, 0.3962219597
33.75, 0.007019884616, 0.6330214569, 0.03983922415, 0.6128782807, 0.3961878044
33.8, 0.03845519862, 0.6218213221, 0.06987011862, 0.5859056054, 0.3961566851
33.85, 0.06894840385, 0.5954172613, 0.09819122482, 0.5446312376, 0.3961304937
33.9, 0.09775449103, 0.5544792861, 0.1241120287, 0.4900948512, 0.3961103245
33.95, 0.1241711172, 0.5000394047, 0.1470022313, 0.4236591837, 0.3960963504
34, 0.1475559278, 0.4334589367, 0.1663069143, 0.3469694418, 0.3960878906
34.05, 0.1673420295, 0.3563876715, 0.1815595326, 0.2619073859, 0.39608365
34.1, 0.1830512731, 0.2707175242, 0.1923925285, 0.1705424596, 0.3960820756
34.15, 0.1943051324, 0.178533141, 0.1985454675, 0.07508178956, 0.3960817497
34.2, 0.2008330796, 0.0820613573, 0.1998706707, -0.02217982007, 0.3960817362
34.25, 0.2024784302, -0.01637931628, 0.1963363575, -0.1189094837, 0.3960818038
34.3, 0.1992016733, -0.1144287405, 0.1880273161, -0.212785541, 0.3960824809
34.35, 0.19108131, -0.2097348624, 0.1751431087, -0.3015469553, 0.3960849304
34.4, 0.1783122048, -0.3000035209, 0.1579937975, -0.3830431062, 0.3960906705
34.45, 0.1612014373, -0.3830487073, 0.1369931712, -0.4552838817, 0.3961012005
34.5, 0.1401616279, -0.4568432468, 0.1126494747, -0.5164893434, 0.3961176123
34.55, 0.1157017323, -0.5195692223, 0.08555369321, -0.5651375112, 0.3961402721
34.6, 0.08841534924, -0.5696667055, 0.05636553783, -0.6000081657, 0.3961686426
34.65, 0.05896667733, -0.6058786691, 0.0257973925, -0.6202201579, 0.3962012908
34.7, 0.02807437453, -0.6272895098, -0.005403389, -0.6252596762, 0.3962360807
34.75, -0.003506293049, -0.633354536, -0.03647332673, -0.6149973049, 0.3962705164
34.8, -0.03500250209, -0.6239181449, -0.06665219972, -0.5896924732, 0.3963021605
34.85, -0.06564351569, -0.5992191776, -0.09520232817, -0.5499849142, 0.3963290423
34.9, -0.0946802622, -0.5598829944, -0.1214271165, -0.4968738477, 0.3963499649
34.95, -0.1214041975, -0.5069009388, -0.144688282, -0.4316865567, 0.3963646508
35, -0.1451648585, -0.4415988684, -0.164421294, -0.3560386812, 0.3963736956
35.05, -0.1653856182, -0.365597128, -0.1801486754, -0.2717888016, 0.3963783447
35.1, -0.181577281, -0.280764617, -0.1914909407, -0.180989718, 0.3963801459
35.15, -0.1933492866, -0.1891694555, -0.1981750568, -0.08583833592, 0.3963805546
35.2, -0.2004184049, -0.09302824532, -0.2000403903, 0.01137462222, 0.3963805775
35.25, -0.2026148879, 0.00534478765, -0.197042148, 0.1083145632, 0.3963805316
35.3, -0.1998860876, 0.1035882255, -0.1892523286, 0.2026526756, 0.3963799691
35.35, -0.1922975638, 0.1993435185, -0.1768581918, 0.292115626, 0.3963777835
35.4, -0.1800316892, 0.2903050536, -0.1601582355, 0.3745356007, 0.3963724751
35.45, -0.1633837441, 0.3742705914, -0.1395556619, 0.4479006263, 0.3963625186
35.5, -0.1427554781, 0.4491920768, -0.1155493334, 0.5104044994, 0.3963467562
35.55, -0.1186461335, 0.5132262085, -0.08872226875, 0.5604949344, 0.3963247282
35.6, -0.09164097264, 0.5647834077, -0.05972781881, 0.5969178811, 0.3962968693
35.65, -0.06239743909, 0.6025731304, -0.02927377265, 0.6187555307, 0.3962645229
35.7, -0.03162919597, 0.625642998, 0.001895225025, 0.6254554585, 0.3962297668
35.75, -8.841810614e-05, 0.6334091096, 0.03301644473, 0.6168486968, 0.3961950833
35.8, 0.03145316192, 0.6256752286, 0.06332843748, 0.593155269, 0.3961629428
35.85, 0.06222385404, 0.6026392685, 0.09209035132, 0.5549767218, 0.3961353907
35.9, 0.09147160396, 0.564886529, 0.1186005604, 0.5032762879, 0.396113723
35.95, 0.1184829268, 0.513370262, 0.1422140247, 0.4393482883, 0.3960983214
36, 0.1426005837, 0.449381169, 0.1623578981, 0.364779068, 0.3960886781
36.05, 0.1632395043, 0.3745081597, 0.1785450243, 0.281402044, 0.3960836018
36.1, 0.179900584, 0.2905930167, 0.1903850913, 0.1912493089, 0.3960815553
36.15, 0.1921821144, 0.1996814969, 0.1975933202, 0.09650176031, 0.3960810508
36.2, 0.1997887255, 0.1039729182, 0.1999966538, -0.0005609634755, 0.3960810145
36.25, 0.2025377975, 0.005769576811, 0.1975374492, -0.09761017375, 0.3960810443
36.3, 0.2003633541, -0.09257340809, 0.1902746958, -0.1923174729, 0.3960815054
36.35, 0.1933174583, -0.1886978509, 0.1783827683, -0.2824040973, 0.3960834434
36.4, 0.1815691236, -0.2802922451, 0.1621477043, -0.3656906116, 0.3960883343
36.45, 0.165400728, -0.3651419048, 0.1419609872, -0.4401469717, 0.3960977237
36.5, 0.1452019095, -0.4411795845, 0.1183108274, -0.5039423836, 0.3961128319
36.55, 0.1214609272, -0.506536059, 0.09177098053, -0.5554936667, 0.3961342111
36.6, 0.09475351921, -0.5595893969, 0.06298722546, -0.5935101476, 0.3961615309
36.65, 0.06572936985, -0.5990109445, 0.03266173414, -0.6170326354, 0.3961935418
36.7, 0.03509641129, -0.6238055173, 0.001535695109, -0.6254639034, 0.39622823
36.75, 0.003603316031, -0.6333431354, -0.02962932618, -0.6185883881, 0.3962631331
36.8, -0.02797933477, -0.6273799044, -0.06007070717, -0.5965795082, 0.3962957515
36.85, -0.05887861815, -0.6060663305, -0.08904412935, -0.5599939836, 0.3963239685
36.9, -0.08833892062, -0.5699423581, -0.1158423379, -0.5097536285, 0.3963463883
36.95, -0.1156410159, -0.5199195524, -0.1398127068, -0.4471160989, 0.3963625229
37, -0.140119959, -0.4572518965, -0.1603731107, -0.3736368048, 0.3963727882
37.05, -0.1611812815, -0.3834974575, -0.1770257237, -0.291124541, 0.3963783167
37.1, -0.1783150966, -0.3004735506, -0.1893684957, -0.2015933138, 0.39638063
37.15, -0.1911078532, -0.2102079715, -0.1971041687, -0.107212404, 0.3963812449
37.2, -0.1992516005, -0.1148884332, -0.2000467816, -0.0102560491, 0.3963812999
37.25, -0.2025507102, -0.01681166244, -0.1981256659, 0.08694659215, 0.3963812815
37.3, -0.2009260616, 0.08166714258, -0.1913869487, 0.1820611338, 0.3963809086
37.35, -0.1944167111, 0.1781844295, -0.1799925726, 0.2727976181, 0.3963791992
37.4, -0.1831790596, 0.2704183215, -0.1642168278, 0.3569604686, 0.3963747051
37.45, -0.1674835125, 0.3561389543, -0.1444403763, 0.432498784, 0.3963658646
37.5, -0.147708611, 0.4332592321, -0.1211417624, 0.4975564496, 0.3963513994
37.55, -0.124332624, 0.499885542, -0.09488644682, 0.5505208366, 0.396330668
37.6, -0.09792262812, 0.5543672392, -0.06631347928, 0.5900681738, 0.396303898
37.65, -0.06912118311, 0.5953429877, -0.03612003558, 0.6152031784, 0.3962722441
37.7, -0.03863081859, 0.6217815101, -0.005044170465, 0.6252903738, 0.3962376533
37.75, -0.007196678738, 0.6330140984, 0.02615373834, 0.6200747768, 0.3962025632
37.8, 0.02441220122, 0.6287564663, 0.05671027807, 0.5996902914, 0.3961694969
37.85, 0.05542240597, 0.6091181723, 0.0858783845, 0.5646551083, 0.3961406376
37.9, 0.08507579262, 0.5745988194, 0.1129461764, 0.5158545039, 0.3961174767
37.95, 0.1126486271, 0.5260713574, 0.1372546429, 0.4545124499, 0.396100608
38, 0.1374695901, 0.4647538824, 0.158213675, 0.3821542077, 0.396089709
38.05, 0.1589361307, 0.3921721308, 0.1753160554, 0.3005624608, 0.3960837102
38.1, 0.1765287653, 0.3101152813, 0.1881491452, 0.2117294919, 0.396081111
38.15, 0.1898230543, 0.2205876563, 0.1964041266, 0.1178075026, 0.3960803711
38.2, 0.1984991087, 0.1257585052, 0.1998827456, 0.02105851987, 0.3960802912
38.25, 0.2023485697, 0.02791138256, 0.1985015572, -0.07619539237, 0.3960803016
38.3, 0.201279066, -0.07060611826, 0.1922936908, -0.1716215273, 0.3960805982
38.35, 0.1953161682, -0.1674321849, 0.1814081504, -0.2629258416, 0.3960820951
38.4, 0.1846028577, -0.2602404924, 0.1661066435, -0.347902553, 0.3960862077
38.45, 0.169396504, -0.3467902317, 0.1467579184, -0.4244841461, 0.3960945079
38.5, 0.1500633271, -0.4249766422, 0.1238296004, -0.4907913618, 0.3961083279
38.55, 0.1270703275, -0.4928816824, 0.09787754876, -0.5451820409, 0.396128397
38.6, 0.1009746996, -0.5488237471, 0.06953283877, -0.5862969863, 0.3961545915
38.65, 0.07241082087, -0.5914045927, 0.03948657288, -0.6131004766, 0.3961858555
38.7, 0.04207501331, -0.6195510636, 0.008472854097, -0.6249128468, 0.3962203144
38.75, 0.01070840419, -0.6325489508, -0.02274962064, -0.6214327488, 0.3962555611
38.8, -0.02092165638, -0.6300664905, -0.05341678331, -0.6027473095, 0.3962890544
38.85, -0.05204105254, -0.612165601, -0.0827786029, -0.5693293328, 0.3963185476
38.9, -0.081888593, -0.5792999066, -0.1101180323, -0.5220217773, 0.3963424539
38.95, -0.1097352732, -0.5322997119, -0.1347688858, -0.4620107853, 0.3963600722
39, -0.134902484, -0.4723451817, -0.1561321232, -0.3907893407, 0.3963716276
39.05, -0.1567786276, -0.4009298347, -0.1736901359, -0.3101140718, 0.3963781219
39.1, -0.1748337183, -0.3198169341, -0.1870187533, -0.2219577252, 0.3963810298
39.15, -0.1886316818, -0.2309913963, -0.1957968122, -0.1284594762, 0.3963819111
39.2, -0.1978401847, -0.1366094773, -0.1998132207, -0.03187461228, 0.3963820235
39.25, -0.2022379291, -0.03894785695, -0.1989715088, 0.06547558799, 0.3963820184
39.3, -0.2017194055, 0.05964701003, -0.1932918834, 0.161253608, 0.3963817867
39.35, -0.1962971248, 0.1568090876, -0.1829107993, 0.2531553244, 0.396380484
39.4, -0.1861013481, 0.2502027706, -0.1680780446, 0.3389598762, 0.3963767321
39.45, -0.1713773095, 0.3375731286, -0.1491513225, 0.4165799055, 0.3963689531
39.5, -0.1524799182, 0.416796584, -0.1265883193, 0.4841117905, 0.3963557651
39.55, -0.129865919, 0.4859317131, -0.1009362802, 0.539884802, 0.3963363547
39.6, -0.1040835306, 0.5432691489, -0.07281919101, 0.5825074083, 0.3963107436
39.65, -0.07575964583, 0.587378827, -0.04292276338, 0.6109084028, 0.396279889
39.7, -0.04558478449, 0.617152219, -0.0119775462, 0.6243702816, 0.3962455901
39.75, -0.01429611438, 0.6318369179, 0.01925938663, 0.6225524618, 0.3962102194
39.8, 0.01734101231, 0.631061066, 0.0500236154, 0.6055024995, 0.3961763304
39.85, 0.04855244788, 0.6148456746, 0.07956279318, 0.5736543773, 0.396146228
39.9, 0.07857492755, 0.5836038032, 0.1071556563, 0.5278140093, 0.3961215903
39.95, 0.1066753774, 0.5381266709, 0.1321300134, 0.4691331668, 0.396103224
40, 0.1321692237, 0.4795578688, 0.1538791829, 0.3990738587, 0.3960910025
40.05, 0.1544371562, 0.4093577232, 0.171876462, 0.3193656732, 0.3960839956
40.1, 0.1729399167, 0.3292603669, 0.1856873409, 0.231958632, 0.3960807596
40.15, 0.1872308139, 0.2412261522, 0.1949792944, 0.1389737726, 0.3960797207
40.2, 0.1969657916, 0.1473917063, 0.1995290812, 0.04265305919, 0.3960795675
40.25, 0.2019109769, 0.05001930927, 0.1992275409, -0.05469049918, 0.3960795685
40.3, 0.2019477019, -0.04855348089, 0.194081909, -0.1507223127, 0.3960797456
40.35, 0.197075018, -0.1459637284, 0.184215663, -0.2431355004, 0.3960808698
40.4, 0.187409723, -0.2398728112, 0.1698659011, -0.3297003973, 0.396084277
40.45, 0.1731838986, -0.3280163459, 0.1513782352, -0.4083144839, 0.3960915454
40.5, 0.1547399403, -0.4082546157, 0.1291991807, -0.4770524495, 0.396104102
40.55, 0.1325230559, -0.4786232773, 0.1038660589, -0.5342154248, 0.3961228419
40.6, 0.1070712398, -0.5373834268, 0.07599449218, -0.5783776956, 0.3961478459
40.65, 0.07900279327, -0.5830693459, 0.04626367323, -0.6084286249, 0.3961782593
40.7, 0.04900156221, -0.6145316246, 0.0153997108, -0.6236072136, 0.3962123631
40.75, 0.0178001898, -0.6309730175, -0.01584251593, -0.6235268331, 0.396247826
40.8, -0.01383818822, -0.6319744609, -0.04669845187, -0.6081881799, 0.3962820871
40.85, -0.04513925825, -0.6175091851, -0.07641328908, -0.5779793719, 0.3963127873
40.9, -0.07533722453, -0.5879437307, -0.1042610708, -0.5336631753, 0.3963381581
40.95, -0.1036942241, -0.5440257806, -0.1295628548, -0.4763524181, 0.3963572857
41, -0.129518823, -0.48685983, -0.1517033912, -0.4074755202, 0.3963701949
41.05, -0.1521830306, -0.4178726391, -0.1701458801, -0.3287345928, 0.3963777397
41.1, -0.1711373831, -0.3387709857, -0.1844445019, -0.2420586694, 0.3963813277
41.15, -0.1859237781, -0.2514943639, -0.1942545362, -0.1495543374, 0.3963825424
41.2, -0.1961858673, -0.1581650026, -0.1993399838, -0.05345546538, 0.396382746
41.25, -0.2016769223, -0.06103698152, -0.1995786744, 0.04392699777, 0.3963827488
41.3, -0.202265157, 0.03755451635, -0.1949648733, 0.1402548472, 0.3963826165
41.35, -0.1979365234, 0.1352434893, -0.1856094039, 0.2332122485, 0.3963816538
41.4, -0.1887950021, 0.2296831343, -0.1717372851, 0.3205555309, 0.3963785707
41.45, -0.1750603895, 0.3185960087, -0.153682871, 0.4001633568, 0.3963717926
41.5, -0.1570635672, 0.3998246161, -0.1318824756, 0.4700870237, 0.3963598526
41.55, -0.1352392338, 0.4713822426, -0.1068644969, 0.52859999, 0.3963417772
41.6, -0.1101161041, 0.5315031889, -0.07923711629, 0.5742449978, 0.3963173856
41.65, -0.08230464464, 0.5786907998, -0.04967374786, 0.6058765687, 0.3962874304
41.7, -0.05248250808, 0.6117610486, -0.01889653092, 0.6226963214, 0.3962535483
41.75, -0.02137795332, 0.6298790681, 0.01234171114, 0.6242786288, 0.3962180254
41.8, 0.01024832995, 0.632586054, 0.04327651021, 0.6105846141, 0.3961834243
41.85, 0.04162245581, 0.6198144295, 0.07315117498, 0.5819633334, 0.3961521532
41.9, 0.07197701301, 0.5918900067, 0.1012359469, 0.5391400472, 0.396126066
41.95, 0.1005705127, 0.5495209669, 0.1268462654, 0.4831925631, 0.3961061814
42, 0.1267059728, 0.4937745909, 0.1493595895, 0.4155175282, 0.3960925772
42.05, 0.1497480705, 0.4260436222, 0.1682303332, 0.3377891061, 0.3960844787
42.1, 0.1691384045, 0.3480047415, 0.1830025979, 0.2519126192, 0.3960805192
42.15, 0.1844085395, 0.2615718079, 0.1933205108, 0.1599754719, 0.3960791113
42.2, 0.1951906325, 0.1688462725, 0.1989360792, 0.06419710989, 0.3960788468
42.25, 0.2012255497, 0.07206660165, 0.1997145421, -0.03312094702, 0.3960788393
42.3, 0.2023684536, -0.02644219552, 0.1956372331, -0.1296446512, 0.3960789354
42.35, 0.198591878, -0.1243185625, 0.1868019743, -0.2230567207, 0.3960797515
42.4, 0.1899863129, -0.2192140954, 0.1734210041, -0.3111060685, 0.3960825272
42.45, 0.1767583022, -0.3088433798, 0.1558164227, -0.3916576403, 0.396088827
42.5, 0.1592260387, -0.3910343027, 0.1344131385, -0.462742506, 0.3961001537
42.55, 0.1378124323, -0.46377875, 0.1097293182, -0.5226073966, 0.3961175554
42.6, 0.1130356477, -0.525282936, 0.08236440495, -0.5697621568, 0.3961413134
42.65, 0.08549716433, -0.5740158524, 0.0529848597, -0.6030229463, 0.3961707797
42.7, 0.05586750656, -0.6087536532, 0.02230790117, -0.6215486586, 0.3962044051
42.75, 0.02486990847, -0.6286173762, -0.008916352071, -0.6248680276, 0.3962399548
42.8, -0.006737684647, -0.6331013743, -0.039923817, -0.612895324, 0.3962748699
42.85, -0.03818175685, -0.6220902405, -0.06995585212, -0.5859333467, 0.3963066977
42.9, -0.0686928891, -0.5958628139, -0.09827848763, -0.5446634504, 0.3963335
42.95, -0.09752529461, -0.5550829207, -0.1242008481, -0.4901234408, 0.3963541525
43, -0.1239755736, -0.5007776336, -0.1470922017, -0.4236750991, 0.3963684721
43.05, -0.1474001043, -0.4343048138, -0.166397175, -0.3469637067, 0.3963771493
43.1, -0.1672305922, -0.3573123587, -0.181648798, -0.2618721445, 0.396381505
43.15, -0.1829874307, -0.2716918135, -0.1924791683, -0.1704719322, 0.396383126
43.2, -0.194290653, -0.1795288108, -0.198627631, -0.0749730454, 0.3963834631
43.25, -0.2008683682, -0.08305227101, -0.1999464431, 0.02232634975, 0.3963834773
43.3, -0.2025626541, 0.01541642757, -0.1964039347, 0.1190898024, 0.3963834097
43.35, -0.199332918, 0.1135138361, -0.1880851808, 0.2129922179, 0.3963827244
43.4, -0.1912567488, 0.2088844795, -0.1751901921, 0.3017695863, 0.3963802358
43.45, -0.1785282665, 0.2992309516, -0.15802961, 0.3832690699, 0.3963743934
43.5, -0.1614539592, 0.3823644019, -0.1370178897, 0.4554993297, 0.3963636635
43.55, -0.1404459845, 0.4562553626, -0.1126639754, 0.5166803395, 0.3963469271
43.6, -0.1160129351, 0.5190842304, -0.08555952662, 0.5652912168, 0.3963238054
43.65, -0.088748116, 0.5692899657, -0.05636484546, 0.6001139592, 0.3962948425
43.7, -0.05931547572, 0.6056148938, -0.02579277129, 0.6202705786, 0.3962614987
43.75, -0.02843344633, 0.6271430514, 0.005409062795, 0.6252510966, 0.3962259537
43.8, 0.003142916631, 0.6333294575, 0.03647709896, 0.6149302621, 0.3961907574
43.85, 0.03464098282, 0.6240180563, 0.06665124706, 0.5895716233, 0.3961584016
43.9, 0.065290177, 0.5994468548, 0.09519415513, 0.5498186152, 0.3961309035
43.95, 0.09434153402, 0.5602398167, 0.1214097231, 0.4966734133, 0.3961094904
44, 0.1210865298, 0.5073862087, 0.1446602873, 0.4314652584, 0.3960944507
44.05, 0.1448745994, 0.4422090891, 0.164382006, 0.3558105993, 0.3960851802
44.1, 0.1651288566, 0.3663253214, 0.1800981015, 0.2715676367, 0.3960804091
44.15, 0.1813596579, 0.2815997662, 0.1914297402, 0.1807876749, 0.3960785566
44.2, 0.1931757831, 0.1900961462, 0.1981044417, 0.08566517998, 0.3960781344
44.25, 0.2002931189, 0.09402656918, 0.199961985, -0.01151225541, 0.3960781104
44.3, 0.2025408132, -0.00429902295, 0.1969578217, -0.1084135512, 0.3960781563
44.35, 0.199864912, -0.1025229561, 0.189164017, -0.2027134575, 0.3960787248
44.4, 0.1923295019, -0.1982895551, 0.176767725, -0.2921419199, 0.396080943
44.45, 0.1801153672, -0.2892949112, 0.1600671872, -0.3745338203, 0.3960863417
44.5, 0.1635161488, -0.3733370742, 0.1394652346, -0.4478790548, 0.3960964802
44.55, 0.1429319816, -0.4483667028, 0.1154602889, -0.5103723018, 0.3961125451
44.6, 0.118860598, -0.5125375812, 0.08863491072, -0.5604611028, 0.3961350116
44.65, 0.09188593592, -0.5642556594, 0.05964202694, -0.5968902192, 0.3961634421
44.7, 0.06266437277, -0.6022245678, 0.02918908474, -0.6187397812, 0.3961964696
44.75, 0.03190882436, -0.6254850698, -0.00197949284, -0.6254546635, 0.3962319755
44.8, 0.0003710782415, -0.6334457936, -0.0331010532, -0.6168628601, 0.3962674249
44.85, -0.03117714129, -0.6259028982, -0.06341407086, -0.5931813561, 0.3963002914
44.9, -0.06196377919, -0.6030470504, -0.09217747257, -0.5550089988, 0.3963284811
44.95, -0.09123607239, -0.5654571158, -0.1186892911, -0.5033069623, 0.3963506635
45, -0.1182795338, -0.5140810982, -0.1423040632, -0.4393683846, 0.3963664421
45.05, -0.1424356955, -0.4502058937, -0.1624484855, -0.3647794463, 0.3963763302
45.1, -0.1631181063, -0.3754181708, -0.1786349627, -0.2813744569, 0.3963815421
45.15, -0.1798262079, -0.2915590189, -0.1904728134, -0.1911873915, 0.3963836475
45.2, -0.1921568396, -0.2006749088, -0.1976770055, -0.09640185497, 0.3963841687
45.25, -0.1998132451, -0.1049670381, -0.2000743791, 0.0006992267324, 0.3963842066
45.3, -0.2026115351, -0.006740441255, -0.1976073615, 0.0977835998, 0.3963841769
45.35, -0.2004846149, 0.09164650558, -0.1903351905, 0.1925193569, 0.3963837108
45.4, -0.1934835984, 0.1878321776, -0.1784326563, 0.282624615, 0.3963817432
45.45, -0.1817767195, 0.2795017489, -0.1621863518, 0.3659175165, 0.396376767
45.5, -0.1656457347, 0.3644375773, -0.141988414, 0.4403665436, 0.3963672019
45.55, -0.1454797958, 0.4405699901, -0.118327753, 0.504140548, 0.3963517979
45.6, -0.1217667814, 0.5060279415, -0.09177881219, 0.5556571849, 0.3963299865
45.65, -0.09508212551, 0.5591882744, -0.06298798735, 0.5936277655, 0.3963021005
45.7, -0.06607525657, 0.5987216089, -0.03265794229, 0.6170960807, 0.3962694121
45.75, -0.03545387788, 0.6236323692, -0.001530188492, 0.6254686291, 0.3962339758
45.8, -0.003966448629, 0.6332903073, 0.02963358377, 0.6185339866, 0.3961983067
45.85, 0.02761664813, 0.6274511503, 0.06007083671, 0.596469752, 0.3961649596
45.9, 0.05852266107, 0.6062646885, 0.08903753861, 0.5598364868, 0.3961361002
45.95, 0.08799610005, 0.5702696217, 0.1158268978, 0.5095591663, 0.3961131588
46, 0.1153177836, 0.5203756056, 0.1397868868, 0.4468976533, 0.3960966391
46.05, 0.1398226983, 0.4578339887, 0.1603360611, 0.3734084348, 0.3960861206
46.1, 0.1609161574, 0.3841994999, 0.1769772997, 0.290900188, 0.3960804492
46.15, 0.1780878733, 0.3012855181, 0.1893092227, 0.2013856546, 0.3960780718
46.2, 0.1909236863, 0.2111154895, 0.1970351529, 0.1070318566, 0.3960774375
46.25, 0.1991148142, 0.1158726144, 0.1999695774, 0.01011001591, 0.3960773801
46.3, 0.2024645734, 0.01784924298, 0.1980421124, -0.08705418132, 0.3960773984
46.35, 0.2008925799, -0.08060333755, 0.191298991, -0.1821299466, 0.3960777747
46.4, 0.1944364494, -0.1771246879, 0.1799020866, -0.272830708, 0.3960795084
46.45, 0.1832510131, -0.2693949346, 0.1641254621, -0.3569637522, 0.3960840771
46.5, 0.1676050399, -0.3551848465, 0.1443494281, -0.4324802593, 0.3960930766
46.55, 0.147875441, -0.4324064073, 0.1210520967, -0.497525231, 0.396107816
46.6, 0.1245389421, -0.4991634519, 0.09479846691, -0.5504861016, 0.3961289561
46.65, 0.09816124448, -0.5538011939, 0.06622714985, -0.5900381238, 0.3961562704
46.7, 0.06938377591, -0.5949527399, 0.03603495515, -0.6151841208, 0.3961885856
46.75, 0.03890824136, -0.6215801378, 0.004959684715, -0.6252860197, 0.396223917
46.8, 0.007479313838, -0.6330072891, -0.02623839512, -0.6200858293, 0.3962597759
46.85, -0.02413406491, -0.6289422721, -0.05679582921, -0.5997143676, 0.3962935836
46.9, -0.05515819551, -0.609487261, -0.08596536186, -0.5646870056, 0.3963231055
46.95, -0.08483429792, -0.575135193, -0.1130347928, -0.515886781, 0.3963468118
47, -0.112437694, -0.526753468, -0.1373447, -0.4545362609, 0.3963640894
47.05, -0.1372958773, -0.4655560337, -0.1583045177, -0.3821603027, 0.3963752621
47.1, -0.1588049405, -0.3930660324, -0.1754065782, -0.3005422487, 0.3963814186
47.15, -0.1764439532, -0.3110716173, -0.188237851, -0.2116760596, 0.3963840909
47.2, -0.1897870154, -0.2215775379, -0.1964892331, -0.1177164891, 0.3963848543
47.25, -0.1985128304, -0.1267547017, -0.1999623304, -0.02092876057, 0.3963849375
47.3, -0.2024117396, -0.02888925449, -0.1985737275, 0.07636151409, 0.3963849271
47.35, -0.2013902173, 0.06966802288, -0.1923567628, 0.1718180595, 0.396384628
47.4, -0.1954728474, 0.1665518758, -0.1814608213, 0.2631435814, 0.3963831092
47.45, -0.1848017963, 0.2594325965, -0.166148139, 0.3481296814, 0.3963789266
47.5, -0.1696337804, 0.3460663115, -0.1467881026, 0.4247071305, 0.3963704734
47.55, -0.150334508, 0.4243456999, -0.123849034, 0.4909960499, 0.3963563858
47.6, -0.127370581, 0.4923507627, -0.09788749116, 0.5453548494, 0.3963359145
47.65, -0.1012988778, 0.5483985471, -0.06953518949, 0.586426075, 0.3963091811
47.7, -0.07275351326, 0.5910899946, -0.03948375775, 0.6131767928, 0.39627726
47.75, -0.04243057731, 0.619351515, -0.00846766436, 0.6249309376, 0.3962420627
47.8, -0.0110709816, 0.6324686406, 0.02275422216, 0.6213912565, 0.3962060474
47.85, 0.02055812606, 0.6301092914, 0.05341787169, 0.602649098, 0.3961718107
47.9, 0.05168280997, 0.6123347806, 0.08277349743, 0.5691812316, 0.3961416506
47.95, 0.08154201717, 0.5795976339, 0.1101044808, 0.5218339697, 0.3961171925
48, 0.1094068109, 0.5327264133, 0.1347452107, 0.461795904, 0.3960991574
48.05, 0.1345985448, 0.4728988171, 0.1560973172, 0.3905613631, 0.3960873199
48.1, 0.156505442, 0.4016051761, 0.1736438992, 0.3098871241, 0.3960806602
48.15, 0.1745971626, 0.3206049318, 0.1869614715, 0.2217449105, 0.3960776734
48.2, 0.1884370739, 0.2318787133, 0.1957294784, 0.1282718326, 0.3960767654
48.25, 0.1976920632, 0.1375782612, 0.1997373107, 0.03172029348, 0.3960766487
48.3, 0.2021398276, 0.03997580377, 0.1988888223, -0.06559184338, 0.3960766536
48.35, 0.2016736387, -0.0585862663, 0.1932043665, -0.1613306778, 0.3960768869
48.4, 0.1963046021, -0.1557452496, 0.1828203663, -0.2531955645, 0.3960782071
48.45, 0.1861614312, -0.2491678319, 0.1679864137, -0.3389686616, 0.3960820196
48.5, 0.1714877304, -0.3366000521, 0.1490598827, -0.4165648969, 0.3960899361
48.55, 0.1526367679, -0.4159177768, 0.1264980385, -0.4840819982, 0.396103371
48.6, 0.130063716, -0.4851773964, 0.1008476638, -0.5398495379, 0.3961231601
48.65, 0.1043153708, -0.542665743, 0.07273229348, -0.582475229, 0.3961492872
48.7, 0.07601743029, -0.5869474803, 0.04283725047, -0.6108861508, 0.3961807812
48.75, 0.04585951429, -0.6169076096, 0.01189280081, -0.6243623237, 0.3962158086
48.8, 0.01457823637, -0.6317864383, -0.01934412727, -0.6225602039, 0.3962519485
48.85, -0.01706123033, -0.6312044677, -0.05010910639, -0.6055242316, 0.3962865915
48.9, -0.04828453658, -0.6151752092, -0.07964962949, -0.5736854644, 0.3963173796
48.95, -0.07832785467, -0.5841048439, -0.1072441381, -0.5278474085, 0.3963425928
49, -0.1064572283, -0.5387787512, -0.1322200447, -0.4691602154, 0.3963614002
49.05, -0.1319869421, -0.480336036, -0.1539702139, -0.3990852512, 0.3963739252
49.1, -0.1542963579, -0.4102340761, -0.1719674839, -0.3193525245, 0.3963811138
49.15, -0.1728447818, -0.3302056384, -0.1857769329, -0.2319135211, 0.396384439
49.2, -0.1871840564, -0.2422112026, -0.1950657209, -0.1388916617, 0.3963855096
49.25, -0.1969686992, -0.1483888156, -0.1996104293, -0.04253200023, 0.3963856685
49.3, -0.2019635084, -0.05100318436, -0.1993018875, 0.05484894133, 0.3963856678
49.35, -0.2020486269, 0.04760503223, -0.1941474994, 0.1509129626, 0.3963854894
49.4, -0.1972220817, 0.1450694683, -0.1842710872, 0.243349815, 0.3963843499
49.45, -0.1875998187, 0.2390480666, -0.1699102495, 0.3299270361, 0.3963808863
49.5, -0.1734132343, 0.3272732789, -0.1514112177, 0.40854016, 0.396373486
49.55, -0.1550041852, 0.4076026978, -0.1292211983, 0.4772629936, 0.3963606892
49.6, -0.1328174608, 0.4780698831, -0.1038782187, 0.5343969671, 0.3963415772
49.65, -0.1073907262, 0.5369344556, -0.07599856245, 0.5785178585, 0.3963160628
49.7, -0.07934201243, 0.5827297836, -0.0462619806, 0.6085176107, 0.3962850144
49.75, -0.04935492996, 0.6143059675, -0.0153949885, 0.6236386814, 0.3962501847
49.8, -0.0181619041, 0.6308654999, 0.01584731674, 0.6234984735, 0.3962139533
49.85, 0.01347413501, 0.6319890524, 0.04670037055, 0.6081019275, 0.3961789366
49.9, 0.0447790611, 0.6176493507, 0.07640956507, 0.5778412339, 0.3961475469
49.95, 0.07498723001, 0.5882119772, 0.1042493351, 0.5334826923, 0.3961215948
50, 0.1033608675, 0.5444230368, 0.1295412868, 0.4761418145, 0.3961020184
